pano_id,lat,lon,filename,,,,id
'-9B2wMfaom_M3Gd2wS-Iug,24.16305466,120.6413495,'-9B2wMfaom_M3Gd2wS-Iug.jpg,,,,0
'-AyiT6OEo5yFs1mmXRSazg,24.16333252,120.6400558,'-AyiT6OEo5yFs1mmXRSazg.jpg,,,,1
'-bQpUph9J1Wz4maL0gH71w,24.18238093,120.6416473,'-bQpUph9J1Wz4maL0gH71w.jpg,,,,2
'-bS_h9fBvMY18BLKdujsyQ,24.16728024,120.6414359,'-bS_h9fBvMY18BLKdujsyQ.jpg,,,,3
'-bYXcWspI9ROdIduA2o5LA,24.17682015,120.6439525,'-bYXcWspI9ROdIduA2o5LA.jpg,,,,4
'-c3QlflIE5EVZZ2lZTOkkQ,24.17718006,120.6535612,'-c3QlflIE5EVZZ2lZTOkkQ.jpg,,,,5
'-EYhVYzvKeUws0u83KcXLg,24.17973623,120.6423411,'-EYhVYzvKeUws0u83KcXLg.jpg,,,,6
'-f7s8zrtW8zAT9FxO08gOQ,24.18021364,120.649387,'-f7s8zrtW8zAT9FxO08gOQ.jpg,,,,7
'-FCyCmr9Rz-2qJIlCYIdsw,24.16593135,120.643236,'-FCyCmr9Rz-2qJIlCYIdsw.jpg,,,,8
'-JVtP8YYrNOHpgAtu3r7cQ,24.17847946,120.6437965,'-JVtP8YYrNOHpgAtu3r7cQ.jpg,,,,9
'-nivFmPqosj6vqLnXaBm8A,24.18370228,120.644186,'-nivFmPqosj6vqLnXaBm8A.jpg,,,,10
'-pgUZ5YyVkSZSEIMfxd9fw,24.18346973,120.6451535,'-pgUZ5YyVkSZSEIMfxd9fw.jpg,,,,11
'-zL8gBwj-5fS8cpNJ7KnLA,24.18064344,120.6525035,'-zL8gBwj-5fS8cpNJ7KnLA.jpg,,,,12
'-_h6e2hssvvcdDJ6nkCV_g,24.18576617,120.6525304,'-_h6e2hssvvcdDJ6nkCV_g.jpg,,,,13
'00DquB-DfEC6IOotEIJWAw,24.17955467,120.6475611,'00DquB-DfEC6IOotEIJWAw.jpg,,,,14
'01mtkfSfiIT6bGocgBVEMA,24.16608631,120.6404117,'01mtkfSfiIT6bGocgBVEMA.jpg,,,,15
'02Yw0sNAkEx_rhFkrdlrZQ,24.1662276,120.643789,'02Yw0sNAkEx_rhFkrdlrZQ.jpg,,,,16
'03xt4-86KE2UaU95_yCEYw,24.18229068,120.6438169,'03xt4-86KE2UaU95_yCEYw.jpg,,,,17
'06wX1ys-OXkAMpSzM1QUAw,24.17859768,120.6409769,'06wX1ys-OXkAMpSzM1QUAw.jpg,,,,18
'0Br-TQvWiAdyeqFJFLoHrg,24.17966251,120.6497656,'0Br-TQvWiAdyeqFJFLoHrg.jpg,,,,19
'0E8EyXzW5ryX6WNMT7nhNQ,24.18111172,120.6515632,'0E8EyXzW5ryX6WNMT7nhNQ.jpg,,,,20
'0f6ySm15QuO3Ol6yPvVS-g,24.18511926,120.6437361,'0f6ySm15QuO3Ol6yPvVS-g.jpg,,,,21
'0gaakOk38fGw8I8JsJkJnQ,24.18668016,120.6519355,'0gaakOk38fGw8I8JsJkJnQ.jpg,,,,22
'0H4tT-pP_S2pO58SoqsJAQ,24.18380491,120.6543921,'0H4tT-pP_S2pO58SoqsJAQ.jpg,,,,23
'0IHPkF2wiLdpxNb7Y_N0wA,24.16464001,120.6435779,'0IHPkF2wiLdpxNb7Y_N0wA.jpg,,,,24
'0J3VlELUvXrGZ3fUgiHUPw,24.16616113,120.6403995,'0J3VlELUvXrGZ3fUgiHUPw.jpg,,,,25
'0rUR226bBQQm2HYxOy0o5A,24.1873802,120.6431264,'0rUR226bBQQm2HYxOy0o5A.jpg,,,,26
'0VpIgB7Kn6Iq0x6GJcHvTw,24.16468945,120.6436783,'0VpIgB7Kn6Iq0x6GJcHvTw.jpg,,,,27
'0wfH2nSl9UKQ-F1hz25yTQ,24.18313378,120.6407314,'0wfH2nSl9UKQ-F1hz25yTQ.jpg,,,,28
'0yoKuzC-350WLvKUFq7P8g,24.16370829,120.642204,'0yoKuzC-350WLvKUFq7P8g.jpg,,,,29
'0yOPIg6GT0CnjAewY9fEjQ,24.18261255,120.6505357,'0yOPIg6GT0CnjAewY9fEjQ.jpg,,,,30
'1-p1hsydK9okJ5r8Rj5Qlg,24.17848278,120.6490473,'1-p1hsydK9okJ5r8Rj5Qlg.jpg,,,,31
'15RYeQXuVdLZVQyPNxWfmA,24.16509879,120.6392626,'15RYeQXuVdLZVQyPNxWfmA.jpg,,,,32
'1CKdLEx94ndqOF-_llK_Pw,24.16300109,120.6438685,'1CKdLEx94ndqOF-_llK_Pw.jpg,,,,33
'1d11uejDVeSZw-fUwHh_lA,24.17968154,120.6528805,'1d11uejDVeSZw-fUwHh_lA.jpg,,,,34
'1FyBIyuxOaH1LKr2lcTjwg,24.18200272,120.6531221,'1FyBIyuxOaH1LKr2lcTjwg.jpg,,,,35
'1hh4BjeA6-muuuxaXlV7Hg,24.18536516,120.6438025,'1hh4BjeA6-muuuxaXlV7Hg.jpg,,,,36
'1lNph1wsmagVo95x2NqnWA,24.16655194,120.6399287,'1lNph1wsmagVo95x2NqnWA.jpg,,,,37
'1MyIMHx2MayR38d2XTCbAg,24.16724884,120.639087,'1MyIMHx2MayR38d2XTCbAg.jpg,,,,38
'1nzcih2HQ1qRUCNT1LFdMA,24.18221472,120.6491161,'1nzcih2HQ1qRUCNT1LFdMA.jpg,,,,39
'1OdBVitOkl_lGQYdhbOdSw,24.17783998,120.6541747,'1OdBVitOkl_lGQYdhbOdSw.jpg,,,,40
'1osnpuv8WRscnFrfbDEcmQ,24.16713465,120.6407639,'1osnpuv8WRscnFrfbDEcmQ.jpg,,,,41
'1pEn5mX4d5oHtPRcgZ5s1Q,24.18421341,120.6414408,'1pEn5mX4d5oHtPRcgZ5s1Q.jpg,,,,42
'1Pg5bY6HKr3a5BXL8awnHg,24.17962694,120.6515773,'1Pg5bY6HKr3a5BXL8awnHg.jpg,,,,43
'1STMGejk_1QZnebZvqQqjA,24.18603729,120.6543927,'1STMGejk_1QZnebZvqQqjA.jpg,,,,44
'1uYdVoSVD8JZZiEuDMhpZg,24.18762362,120.640795,'1uYdVoSVD8JZZiEuDMhpZg.jpg,,,,45
'1vHflBb7GhTAZEfwUE1XUA,24.18138437,120.6430999,'1vHflBb7GhTAZEfwUE1XUA.jpg,,,,46
'1W6Q3XB-4VkKL15yVa0_3w,24.17788329,120.645879,'1W6Q3XB-4VkKL15yVa0_3w.jpg,,,,47
'1zimYLq6w691Ohag4DYkjQ,24.16358557,120.6413524,'1zimYLq6w691Ohag4DYkjQ.jpg,,,,48
'1zuH4dMSMv3_YNaUqCTjKA,24.16670929,120.6434232,'1zuH4dMSMv3_YNaUqCTjKA.jpg,,,,49
'2-UR6POT2R0xQmqeT3iNdg,24.18381974,120.6523285,'2-UR6POT2R0xQmqeT3iNdg.jpg,,,,50
'21kZUx0AjT_2rUEZTFkjIw,24.17795848,120.6524052,'21kZUx0AjT_2rUEZTFkjIw.jpg,,,,51
'22H_0kpJOcQ6mE-ZZCYEow,24.18630298,120.6456329,'22H_0kpJOcQ6mE-ZZCYEow.jpg,,,,52
'27cZLGjOrn41S9MLrSI5mA,24.17916128,120.6400746,'27cZLGjOrn41S9MLrSI5mA.jpg,,,,53
'2BtnGtK310J4ygLvAcEdOQ,24.17939697,120.6443657,'2BtnGtK310J4ygLvAcEdOQ.jpg,,,,54
'2CpxwXkhqhlwUe9SqEBWhA,24.17856426,120.6442117,'2CpxwXkhqhlwUe9SqEBWhA.jpg,,,,55
'2F9nXjVQazf1_nJCFQojWQ,24.16672919,120.6401912,'2F9nXjVQazf1_nJCFQojWQ.jpg,,,,56
'2g3u_Gi1wUlLP_ZVOZNt3Q,24.18719237,120.642254,'2g3u_Gi1wUlLP_ZVOZNt3Q.jpg,,,,57
'2GN4nehutDt9w8AXPNoCNg,24.16411159,120.6394622,'2GN4nehutDt9w8AXPNoCNg.jpg,,,,58
'2GrbDdxvs90rCA7o_vOkfA,24.18773334,120.6427022,'2GrbDdxvs90rCA7o_vOkfA.jpg,,,,59
'2hk0YDxoH9UuLiGkZoTojA,24.17680809,120.6517314,'2hk0YDxoH9UuLiGkZoTojA.jpg,,,,60
'2IhO9TeMBra5im_L-92pDw,24.18126394,120.648251,'2IhO9TeMBra5im_L-92pDw.jpg,,,,61
'2iMyg0QJ0a9UNQqWPo4vLw,24.1798373,120.6525079,'2iMyg0QJ0a9UNQqWPo4vLw.jpg,,,,62
'2KjtLQYmtzahX0b9Wzo_Gw,24.16690528,120.6438072,'2KjtLQYmtzahX0b9Wzo_Gw.jpg,,,,63
'2M6Yoy4KCFu_q6B3zIj7Fg,24.18170285,120.6532337,'2M6Yoy4KCFu_q6B3zIj7Fg.jpg,,,,64
'2m9tuT2giK4jC6Wl4OMivA,24.18332552,120.6466833,'2m9tuT2giK4jC6Wl4OMivA.jpg,,,,65
'2PETBaU5II_nZztlv_iURA,24.18050316,120.6515931,'2PETBaU5II_nZztlv_iURA.jpg,,,,66
'2qhSw2X0XnzhzSu3K1uJjw,24.1782379,120.6514032,'2qhSw2X0XnzhzSu3K1uJjw.jpg,,,,67
'2RzX0KMj-r7SHpW_1oDHhA,24.16515153,120.6438861,'2RzX0KMj-r7SHpW_1oDHhA.jpg,,,,68
'2tdLcAzn6wD6hoV7jMXejw,24.18613887,120.6517975,'2tdLcAzn6wD6hoV7jMXejw.jpg,,,,69
'2uFetxgyal4ZttH460Pxvg,24.183564,120.644029,'2uFetxgyal4ZttH460Pxvg.jpg,,,,70
'2v0d5BiLP7mWyqtB5mJ9Vw,24.17991627,120.6488192,'2v0d5BiLP7mWyqtB5mJ9Vw.jpg,,,,71
'2y2ozgctEYkayTG9bf4NDw,24.18638691,120.6458639,'2y2ozgctEYkayTG9bf4NDw.jpg,,,,72
'2y3A9Mu6PGyOtc_zLt0Vuw,24.1813132,120.647424,'2y3A9Mu6PGyOtc_zLt0Vuw.jpg,,,,73
'2yyCR9IQd4vQOoblzX8MUA,24.18075863,120.643137,'2yyCR9IQd4vQOoblzX8MUA.jpg,,,,74
'3040M6sVDWjFCMASigQa2A,24.18032253,120.6541977,'3040M6sVDWjFCMASigQa2A.jpg,,,,75
'30MLVmVPyRVHGkQPkVTTjg,24.18319422,120.6457108,'30MLVmVPyRVHGkQPkVTTjg.jpg,,,,76
'35GuVm9emLoIrMSJqUM8MA,24.17756563,120.6435762,'35GuVm9emLoIrMSJqUM8MA.jpg,,,,77
'3E63YY-_Zp9gM4RDv8AJ-w,24.18416209,120.6480796,'3E63YY-_Zp9gM4RDv8AJ-w.jpg,,,,78
'3I46jPSINFaGioLba9x4wQ,24.16721304,120.6430885,'3I46jPSINFaGioLba9x4wQ.jpg,,,,79
'3jkWv7SIOc9GnoKOuhh6rQ,24.18030637,120.6421698,'3jkWv7SIOc9GnoKOuhh6rQ.jpg,,,,80
'3joc3PsLOeM0IGg3Z56Hog,24.18549002,120.6425493,'3joc3PsLOeM0IGg3Z56Hog.jpg,,,,81
'3lVHDEIIQCAE7Da6oh-ALA,24.17600673,120.6469408,'3lVHDEIIQCAE7Da6oh-ALA.jpg,,,,82
'3Ma9heee2N8S0SU7wCEV2w,24.18050878,120.6403665,'3Ma9heee2N8S0SU7wCEV2w.jpg,,,,83
'3nsI7SAuWzVcar5Pn4s_EQ,24.18364944,120.6436803,'3nsI7SAuWzVcar5Pn4s_EQ.jpg,,,,84
'3qKZ4CUadGSdtT7CCXUCKw,24.17844411,120.6472126,'3qKZ4CUadGSdtT7CCXUCKw.jpg,,,,85
'3SE6r_86g6s18hiU3HF4iw,24.1760999,120.643603,'3SE6r_86g6s18hiU3HF4iw.jpg,,,,86
'3sJiqqjY7NC7Vofv-1oqVg,24.18487404,120.6539153,'3sJiqqjY7NC7Vofv-1oqVg.jpg,,,,87
'3xJKrmbE_pQ8GrRvPUFFxw,24.1846624,120.6408171,'3xJKrmbE_pQ8GrRvPUFFxw.jpg,,,,88
'46nKW-zvZrjxD0ov7U2mkw,24.18718327,120.6415184,'46nKW-zvZrjxD0ov7U2mkw.jpg,,,,89
'470uzUrJTiAbWD-YhIloLw,24.18347886,120.649144,'470uzUrJTiAbWD-YhIloLw.jpg,,,,90
'4AshyKWD-VbgZIQPlS8uRg,24.17790894,120.6494178,'4AshyKWD-VbgZIQPlS8uRg.jpg,,,,91
'4aWjqd9xlXU5Tr7SZBmxiA,24.1674062,120.6438904,'4aWjqd9xlXU5Tr7SZBmxiA.jpg,,,,92
'4gQ8_SZwdpFMplytkqrhxg,24.18182791,120.6449671,'4gQ8_SZwdpFMplytkqrhxg.jpg,,,,93
'4HV_NAdniLZoIK1UsDT29A,24.18760844,120.6445374,'4HV_NAdniLZoIK1UsDT29A.jpg,,,,94
'4OEFu5Yvp_b2YjXzG9TMtw,24.16400444,120.6436454,'4OEFu5Yvp_b2YjXzG9TMtw.jpg,,,,95
'4QumI1FUH4GlvtoaZJU-_A,24.17795755,120.6483722,'4QumI1FUH4GlvtoaZJU-_A.jpg,,,,96
'4RNA0tofJ2dqFGP4g9QndQ,24.16662726,120.6422943,'4RNA0tofJ2dqFGP4g9QndQ.jpg,,,,97
'4sgPF2qbfCpx5HntOtRNzQ,24.1811988,120.6481264,'4sgPF2qbfCpx5HntOtRNzQ.jpg,,,,98
'4TpV5ZgpqETXCDjddEv97A,24.1769258,120.644625,'4TpV5ZgpqETXCDjddEv97A.jpg,,,,99
'4u4kwc_JqS558loGmRreHQ,24.16565938,120.6405729,'4u4kwc_JqS558loGmRreHQ.jpg,,,,100
'4VjMUVEIHKifFgaqKyK_JA,24.16494523,120.6403919,'4VjMUVEIHKifFgaqKyK_JA.jpg,,,,101
'4wyhTe6eWUDxF8n1usXAnQ,24.18389379,120.649049,'4wyhTe6eWUDxF8n1usXAnQ.jpg,,,,102
'4ZJF0w5peAVzu_xBDd1gxw,24.18204058,120.6511622,'4ZJF0w5peAVzu_xBDd1gxw.jpg,,,,103
'4zRe2UW6Sf8ufaQ2T2CKUg,24.16328579,120.6420044,'4zRe2UW6Sf8ufaQ2T2CKUg.jpg,,,,104
'53eoyXNFqX-tWV98jU1Vsg,24.17666965,120.6433086,'53eoyXNFqX-tWV98jU1Vsg.jpg,,,,105
'54YDH4CZimewnZ3ztBiNLw,24.17669891,120.6406682,'54YDH4CZimewnZ3ztBiNLw.jpg,,,,106
'55VnNwfHvUyJU8kXCkPtaw,24.18188389,120.6526254,'55VnNwfHvUyJU8kXCkPtaw.jpg,,,,107
'5AfVcq6lOGkGrXPO4KbH6A,24.17772981,120.6437624,'5AfVcq6lOGkGrXPO4KbH6A.jpg,,,,108
'5eRJxdH7HdFjZ8R4Mux39A,24.18100701,120.645889,'5eRJxdH7HdFjZ8R4Mux39A.jpg,,,,109
'5jt_m7KHo_EmOjZj3Z7sAg,24.17913401,120.642946,'5jt_m7KHo_EmOjZj3Z7sAg.jpg,,,,110
'5LcY1pj9F0l7pWF7TL4nnQ,24.18354647,120.6520476,'5LcY1pj9F0l7pWF7TL4nnQ.jpg,,,,111
'5mJdOBwGFC8CGdqHExYtjg,24.18052913,120.6488137,'5mJdOBwGFC8CGdqHExYtjg.jpg,,,,112
'5nqRlCNVF7Hz1wlNs2mWBA,24.17628349,120.6419904,'5nqRlCNVF7Hz1wlNs2mWBA.jpg,,,,113
'5NwKSEZDqpNVRE1spQc3Jw,24.17774469,120.6496879,'5NwKSEZDqpNVRE1spQc3Jw.jpg,,,,114
'5qguAV5s7_CIk9kIij9PiQ,24.18064065,120.6420691,'5qguAV5s7_CIk9kIij9PiQ.jpg,,,,115
'5SFN-9oGYjP8cadaZudV8A,24.18464941,120.6412287,'5SFN-9oGYjP8cadaZudV8A.jpg,,,,116
'5v-0yzLMq4Eo1BSJQfIByA,24.18323294,120.6428785,'5v-0yzLMq4Eo1BSJQfIByA.jpg,,,,117
'5v5ep6UwbpDGsW0PRF_U_w,24.16684879,120.640936,'5v5ep6UwbpDGsW0PRF_U_w.jpg,,,,118
'5VYC41yKjFaHCX6RazyCwQ,24.17663787,120.6533335,'5VYC41yKjFaHCX6RazyCwQ.jpg,,,,119
'5ymBP3ROEmSVK1-vuH7tzQ,24.1670082,120.6416594,'5ymBP3ROEmSVK1-vuH7tzQ.jpg,,,,120
'5YvTB4IhC3pN_R05d0JAmQ,24.17874776,120.6521825,'5YvTB4IhC3pN_R05d0JAmQ.jpg,,,,121
'60TS2cOPYWPz5pln4FqToA,24.18039691,120.6517271,'60TS2cOPYWPz5pln4FqToA.jpg,,,,122
'63GtKiY9j26ugYLLKcC2vQ,24.16342231,120.6433961,'63GtKiY9j26ugYLLKcC2vQ.jpg,,,,123
'63HrukYym0d1kRoHMLYoDg,24.17829352,120.643408,'63HrukYym0d1kRoHMLYoDg.jpg,,,,124
'69v9eEKa4IZzq2wvqK1b8Q,24.18111477,120.654059,'69v9eEKa4IZzq2wvqK1b8Q.jpg,,,,125
'6BPOf9lbsD9kfF-4OcCzzQ,24.18215959,120.6520873,'6BPOf9lbsD9kfF-4OcCzzQ.jpg,,,,126
'6Dbt92i3TFgr9PpGwgjOOg,24.18330963,120.6507842,'6Dbt92i3TFgr9PpGwgjOOg.jpg,,,,127
'6ivlmP0d2RK1MOEkCIBvqw,24.18727183,120.6455529,'6ivlmP0d2RK1MOEkCIBvqw.jpg,,,,128
'6L7i2-uq9tXCtT_rkjXIzA,24.17788257,120.6485393,'6L7i2-uq9tXCtT_rkjXIzA.jpg,,,,129
'6LavpxP-930to0CiGp8sGA,24.18050736,120.645799,'6LavpxP-930to0CiGp8sGA.jpg,,,,130
'6n6b-Bhamrbkkf7xaGuynA,24.18038404,120.6451313,'6n6b-Bhamrbkkf7xaGuynA.jpg,,,,131
'6nEDZWolstqpBg08GgkksA,24.16347593,120.6414524,'6nEDZWolstqpBg08GgkksA.jpg,,,,132
'6PjA3-ojmBz9wSCg-06yuw,24.18321302,120.6420868,'6PjA3-ojmBz9wSCg-06yuw.jpg,,,,133
'6RuQPBDZZvEEA_ExNJ8AMw,24.17970042,120.6460194,'6RuQPBDZZvEEA_ExNJ8AMw.jpg,,,,134
'6tpp8VIlyTMMUj4ozgFatQ,24.18572523,120.6460285,'6tpp8VIlyTMMUj4ozgFatQ.jpg,,,,135
'6V6k5icDAaSzpv0gyYoqNw,24.17708569,120.6412929,'6V6k5icDAaSzpv0gyYoqNw.jpg,,,,136
'6wFXxBfZEhBNAJiOAF8QRw,24.1636395,120.6398406,'6wFXxBfZEhBNAJiOAF8QRw.jpg,,,,137
'6x3sJ9AsWHw9yoFOOVIQow,24.1796432,120.6434723,'6x3sJ9AsWHw9yoFOOVIQow.jpg,,,,138
'71T8ARXLquSin_D_xquP9Q,24.16575718,120.6438959,'71T8ARXLquSin_D_xquP9Q.jpg,,,,139
'77zEFdDcH6LMDftX6ihw0A,24.17737316,120.6425636,'77zEFdDcH6LMDftX6ihw0A.jpg,,,,140
'7Dd2pptW73pN2CCCO6wS9w,24.18134032,120.6460988,'7Dd2pptW73pN2CCCO6wS9w.jpg,,,,141
'7dtbJTYMleTyJvvDQeb98A,24.16556963,120.6432628,'7dtbJTYMleTyJvvDQeb98A.jpg,,,,142
'7fW7yI9_kBTSsloLwfPeLw,24.17673519,120.6466271,'7fW7yI9_kBTSsloLwfPeLw.jpg,,,,143
'7GyrdLsxvq1CCLeLb79Ylg,24.17906741,120.6427272,'7GyrdLsxvq1CCLeLb79Ylg.jpg,,,,144
'7K6qF3MrteR_a1f6DR1HSw,24.17854937,120.6475084,'7K6qF3MrteR_a1f6DR1HSw.jpg,,,,145
'7OpkzZeDutAquS9C9GNIVg,24.17772699,120.6402523,'7OpkzZeDutAquS9C9GNIVg.jpg,,,,146
'7Or7k0SFpMB9th8rMMd_xA,24.1858748,120.6445226,'7Or7k0SFpMB9th8rMMd_xA.jpg,,,,147
'7ueVVcRLBpb-iA9VL_YGeA,24.17772288,120.6545255,'7ueVVcRLBpb-iA9VL_YGeA.jpg,,,,148
'7zeQNCL2pCqSBx_5f4n3wA,24.17746813,120.6450898,'7zeQNCL2pCqSBx_5f4n3wA.jpg,,,,149
'7_4EyN5z4EFBCyLuJbb5fg,24.18026795,120.6432676,'7_4EyN5z4EFBCyLuJbb5fg.jpg,,,,150
'81hyYiHCLCaQRa83EFggEg,24.17947366,120.6528251,'81hyYiHCLCaQRa83EFggEg.jpg,,,,151
'8eRKLDlqAZei8DNeRkFqfg,24.18513399,120.6440421,'8eRKLDlqAZei8DNeRkFqfg.jpg,,,,152
'8G2HWAMJSDgAw9tyc81MIw,24.1866174,120.6417587,'8G2HWAMJSDgAw9tyc81MIw.jpg,,,,153
'8Hxq074qXNv-biw42rTcTQ,24.17703782,120.6419497,'8Hxq074qXNv-biw42rTcTQ.jpg,,,,154
'8KyW2Gmv-13bEQ_ka6KEyw,24.16319195,120.6439176,'8KyW2Gmv-13bEQ_ka6KEyw.jpg,,,,155
'8K_Vbq4AhU4pdux5ifz88A,24.18289965,120.6437922,'8K_Vbq4AhU4pdux5ifz88A.jpg,,,,156
'8lPAS0xUcWjQRl1C0MbukQ,24.18010327,120.6478854,'8lPAS0xUcWjQRl1C0MbukQ.jpg,,,,157
'8MLb9FJs9lHlLT7kVw1GNw,24.18682845,120.6432498,'8MLb9FJs9lHlLT7kVw1GNw.jpg,,,,158
'8SiMFB2V9UwQ0WLN7OXTuA,24.18448768,120.6453201,'8SiMFB2V9UwQ0WLN7OXTuA.jpg,,,,159
'8t2micUjG5gqVxkgfok62w,24.18788461,120.6548383,'8t2micUjG5gqVxkgfok62w.jpg,,,,160
'8yDFgQzDJDsPgl_vhOpeSA,24.18117537,120.6531503,'8yDFgQzDJDsPgl_vhOpeSA.jpg,,,,161
'8YMkyGuX3OlkWieI4RfOWg,24.17654346,120.6477102,'8YMkyGuX3OlkWieI4RfOWg.jpg,,,,162
'8_JGD6O_Wg6r20M2gJSCpg,24.18519254,120.6411904,'8_JGD6O_Wg6r20M2gJSCpg.jpg,,,,163
'9-j5LwrRjctWgRmV6QttLg,24.18226625,120.6444166,'9-j5LwrRjctWgRmV6QttLg.jpg,,,,164
'93hLp2O0-pC5uu_ch_yyCg,24.16704391,120.6428401,'93hLp2O0-pC5uu_ch_yyCg.jpg,,,,165
'99A-exo_nfsFN7IVolStTw,24.18719983,120.6409377,'99A-exo_nfsFN7IVolStTw.jpg,,,,166
'9AYrQ-vALdACWrxoT3vWLw,24.16368227,120.639297,'9AYrQ-vALdACWrxoT3vWLw.jpg,,,,167
'9DtghTTJLNp7a9mq7flKBw,24.18703286,120.6417828,'9DtghTTJLNp7a9mq7flKBw.jpg,,,,168
'9EGlEy2kqgLvksOI1e0Tjg,24.17771632,120.6413073,'9EGlEy2kqgLvksOI1e0Tjg.jpg,,,,169
'9heesY02l73NnfNFlgSHuw,24.17983414,120.6439734,'9heesY02l73NnfNFlgSHuw.jpg,,,,170
'9Jhj8PH7u_ttSVGyHiuuoQ,24.18645499,120.6405814,'9Jhj8PH7u_ttSVGyHiuuoQ.jpg,,,,171
'9K9SqwOBz6yz0qUurtCDhg,24.17995538,120.641511,'9K9SqwOBz6yz0qUurtCDhg.jpg,,,,172
'9KJUrc4BWDCkc-9tRzR60A,24.1834864,120.6510465,'9KJUrc4BWDCkc-9tRzR60A.jpg,,,,173
'9labNc8uu1zWx-ls4UekRQ,24.18707318,120.6521382,'9labNc8uu1zWx-ls4UekRQ.jpg,,,,174
'9mEws-xLFa7iYUK8w2Jbjw,24.16403458,120.6408069,'9mEws-xLFa7iYUK8w2Jbjw.jpg,,,,175
'9QsXJA_bhqytM-SCmvs-Fw,24.16661979,120.643702,'9QsXJA_bhqytM-SCmvs-Fw.jpg,,,,176
'9Ra0S_jcNZmqyPK5MR0dpg,24.17608445,120.6500984,'9Ra0S_jcNZmqyPK5MR0dpg.jpg,,,,177
'9u3fBZZGIVpwa9U9DhqCew,24.18005367,120.6416886,'9u3fBZZGIVpwa9U9DhqCew.jpg,,,,178
'9YaKC_iQn_SjKE8CasmLvw,24.18053499,120.6443284,'9YaKC_iQn_SjKE8CasmLvw.jpg,,,,179
'9ZnEtjCKGhm_mmPeFntKTQ,24.18098865,120.6427706,'9ZnEtjCKGhm_mmPeFntKTQ.jpg,,,,180
'a13nnmTaLRWOVI5quTnpcw,24.17984368,120.6466222,'a13nnmTaLRWOVI5quTnpcw.jpg,,,,181
'a4dt0g0qBG3You5PB3uk3Q,24.18503892,120.651549,'a4dt0g0qBG3You5PB3uk3Q.jpg,,,,182
'a5CGck43pn8M9LhNM9lc2w,24.17693785,120.6462826,'a5CGck43pn8M9LhNM9lc2w.jpg,,,,183
'a6wj0iEtNbs3qYJycXWyXQ,24.183389,120.6506838,'a6wj0iEtNbs3qYJycXWyXQ.jpg,,,,184
'AbuhzPwuVdI0vp7aTO5fnA,24.17868236,120.647039,'AbuhzPwuVdI0vp7aTO5fnA.jpg,,,,185
'aCQVrunH81m3zlt8VfjgVg,24.1649994,120.6418215,'aCQVrunH81m3zlt8VfjgVg.jpg,,,,186
'adDZ1GAJ7d3iQJu4iI1SEw,24.17963614,120.6468896,'adDZ1GAJ7d3iQJu4iI1SEw.jpg,,,,187
'aF9CtpnVgIEGMu2v-9uQsQ,24.17975236,120.6499819,'aF9CtpnVgIEGMu2v-9uQsQ.jpg,,,,188
'AfyJ7mB59i-q7RwXd7EEqA,24.18441857,120.6549845,'AfyJ7mB59i-q7RwXd7EEqA.jpg,,,,189
'aGD-kPQYCAyex5OWstAqZQ,24.1800534,120.6483006,'aGD-kPQYCAyex5OWstAqZQ.jpg,,,,190
'aHD3LQVEIZiE-8Am0atG3A,24.18009675,120.6427194,'aHD3LQVEIZiE-8Am0atG3A.jpg,,,,191
'aIZLlkoh1vFu0tvfBon9Vw,24.16634686,120.6420105,'aIZLlkoh1vFu0tvfBon9Vw.jpg,,,,192
'Aj6fgnOU-UnIsEPelA0mcw,24.18282514,120.6514047,'Aj6fgnOU-UnIsEPelA0mcw.jpg,,,,193
'AkaCigvmYFQ5zKa5SCcGQw,24.18338554,120.6413619,'AkaCigvmYFQ5zKa5SCcGQw.jpg,,,,194
'AlMZKt32FDCF3yfwRtiKyg,24.18015482,120.6497552,'AlMZKt32FDCF3yfwRtiKyg.jpg,,,,195
'aMp8zXdc9mLIIOjV6Z93uA,24.16716734,120.6435846,'aMp8zXdc9mLIIOjV6Z93uA.jpg,,,,196
'aOBkOOhTyUn81dhT_z42pA,24.1666055,120.642601,'aOBkOOhTyUn81dhT_z42pA.jpg,,,,197
'AOCgSu7g4SuvVCLvAv6GWw,24.17677212,120.6548414,'AOCgSu7g4SuvVCLvAv6GWw.jpg,,,,198
'AOe-xrRfGvgLA78oqtgECA,24.18672657,120.6459817,'AOe-xrRfGvgLA78oqtgECA.jpg,,,,199
'aoLtRvJ5cxdd-0JFXpoRHg,24.17606173,120.6523828,'aoLtRvJ5cxdd-0JFXpoRHg.jpg,,,,200
'apg6nSBC9zxbLu4OCCZV_w,24.17934603,120.6479162,'apg6nSBC9zxbLu4OCCZV_w.jpg,,,,201
'apXa0st6RhqvLAgLlxn2Zw,24.18062774,120.6428491,'apXa0st6RhqvLAgLlxn2Zw.jpg,,,,202
'aQOwz9z4dTLH758HbKewXA,24.17694071,120.6432468,'aQOwz9z4dTLH758HbKewXA.jpg,,,,203
'ARmqkqhL0hb9QlKGzhszIg,24.17813151,120.6510477,'ARmqkqhL0hb9QlKGzhszIg.jpg,,,,204
'At3ouCBNPM9HX5YuhUrzTA,24.18664006,120.6549952,'At3ouCBNPM9HX5YuhUrzTA.jpg,,,,205
'ATG_m_mV__ptrOSE8vzIcw,24.17806254,120.6441604,'ATG_m_mV__ptrOSE8vzIcw.jpg,,,,206
'AtOVhvBhG2DQAo9KyOIddA,24.16592876,120.6400655,'AtOVhvBhG2DQAo9KyOIddA.jpg,,,,207
'au87K9JGoyiVkc4KgTkghA,24.17877337,120.6445498,'au87K9JGoyiVkc4KgTkghA.jpg,,,,208
'AVKlYUFMnXWVa2g-7m5uZw,24.17907032,120.6506054,'AVKlYUFMnXWVa2g-7m5uZw.jpg,,,,209
'avMtyIAjrKnh34NF26yzKg,24.1649964,120.6404397,'avMtyIAjrKnh34NF26yzKg.jpg,,,,210
'avnIwCBjMv5ESLU0USzmkg,24.1645564,120.6425343,'avnIwCBjMv5ESLU0USzmkg.jpg,,,,211
'ayy7fLVHoDxihWY9MyhEQQ,24.1831141,120.6512539,'ayy7fLVHoDxihWY9MyhEQQ.jpg,,,,212
'B-CrlGyjMpWrZvfqQqkrTw,24.17857253,120.6486748,'B-CrlGyjMpWrZvfqQqkrTw.jpg,,,,213
'b2AMEX8ROrjw1xSOgxEdZQ,24.18272548,120.6454596,'b2AMEX8ROrjw1xSOgxEdZQ.jpg,,,,214
'b6i4eeLnhCk90RUVNy3Wig,24.18101013,120.6524171,'b6i4eeLnhCk90RUVNy3Wig.jpg,,,,215
'b7BxXbcKEwJUvMDWIrMbYQ,24.17842569,120.6519501,'b7BxXbcKEwJUvMDWIrMbYQ.jpg,,,,216
'B7hwvujXic8bkELQ318DoA,24.18139878,120.6421172,'B7hwvujXic8bkELQ318DoA.jpg,,,,217
'B883_rH3yOaBQ_ZFtPKsOQ,24.1763574,120.6529382,'B883_rH3yOaBQ_ZFtPKsOQ.jpg,,,,218
'b9A9aGnbsqNGgFN14AZchA,24.16609656,120.6390963,'b9A9aGnbsqNGgFN14AZchA.jpg,,,,219
'ba-_n0KcGScDejdMbpH54A,24.18636374,120.6455152,'ba-_n0KcGScDejdMbpH54A.jpg,,,,220
'BcbGJ3Xee2Zbkl4J_4P-Nw,24.18353821,120.6406907,'BcbGJ3Xee2Zbkl4J_4P-Nw.jpg,,,,221
'Bg2F3FrtnJbWEdQXk37bxw,24.16352966,120.6417984,'Bg2F3FrtnJbWEdQXk37bxw.jpg,,,,222
'Bg42YsV8n9SOY23SMf8dqw,24.17653857,120.6452444,'Bg42YsV8n9SOY23SMf8dqw.jpg,,,,223
'BGss_JUJPRVccj44gjGo3w,24.1647582,120.6411226,'BGss_JUJPRVccj44gjGo3w.jpg,,,,224
'bHrmHPfrRYgfSQjSPnBRZQ,24.18527763,120.6407264,'bHrmHPfrRYgfSQjSPnBRZQ.jpg,,,,225
'bhRvZRx4AJUhEqiGOsmbrQ,24.17770431,120.6461993,'bhRvZRx4AJUhEqiGOsmbrQ.jpg,,,,226
'bhZQsnKcAHlfiM4uPnQW3Q,24.1800903,120.6410592,'bhZQsnKcAHlfiM4uPnQW3Q.jpg,,,,227
'Bi8dd6bdSykpbUiFPAmOXg,24.17766975,120.6493353,'Bi8dd6bdSykpbUiFPAmOXg.jpg,,,,228
'BJHRPUeOQkNC6n25yARdPA,24.18621242,120.6516326,'BJHRPUeOQkNC6n25yARdPA.jpg,,,,229
'bjz9XVvKS3CIXk4bl-p_Aw,24.18306699,120.643843,'bjz9XVvKS3CIXk4bl-p_Aw.jpg,,,,230
'bk4LifV4jwTa8rGdgLUZYg,24.18789511,120.6450586,'bk4LifV4jwTa8rGdgLUZYg.jpg,,,,231
'Bm94Ni7wr1JUGllkBD5M0A,24.17847602,120.6488535,'Bm94Ni7wr1JUGllkBD5M0A.jpg,,,,232
'BMhKe9fpbkGE2LtRRCW2Rw,24.16600751,120.6424948,'BMhKe9fpbkGE2LtRRCW2Rw.jpg,,,,233
'bmzgI3d8hW4NYpcfzL4beA,24.17706241,120.6464864,'bmzgI3d8hW4NYpcfzL4beA.jpg,,,,234
'bnxddohEUsvLEF0SA_k4BA,24.18713007,120.6546831,'bnxddohEUsvLEF0SA_k4BA.jpg,,,,235
'bo27YBaCBBZg8FxAYNkbkA,24.1662169,120.6434854,'bo27YBaCBBZg8FxAYNkbkA.jpg,,,,236
'BPAHoVHlKkSqtmtybM_Pwg,24.1846027,120.6543161,'BPAHoVHlKkSqtmtybM_Pwg.jpg,,,,237
'BqcDhe4XH-pgAtF5CSx5rw,24.17935435,120.6490416,'BqcDhe4XH-pgAtF5CSx5rw.jpg,,,,238
'BqmYxYd1KfW-sZl7DqLYlA,24.18419582,120.6457219,'BqmYxYd1KfW-sZl7DqLYlA.jpg,,,,239
'bRTVRxRvWpGStXPi9GzjIw,24.17748794,120.6445715,'bRTVRxRvWpGStXPi9GzjIw.jpg,,,,240
'bSe0_xK3gBwp8t7UpgC45w,24.17754097,120.6528459,'bSe0_xK3gBwp8t7UpgC45w.jpg,,,,241
'BSoiLWUzsKza7fXxVdXvpA,24.17771043,120.6439964,'BSoiLWUzsKza7fXxVdXvpA.jpg,,,,242
'BTHXatgg9aNTZQjQmLcFMQ,24.18216494,120.6435371,'BTHXatgg9aNTZQjQmLcFMQ.jpg,,,,243
'bu-LCmAYslQmiOIaT17Psw,24.18362058,120.6504493,'bu-LCmAYslQmiOIaT17Psw.jpg,,,,244
'bUlK1TJ5Bjr_pDjQh5rSzA,24.18694082,120.6543492,'bUlK1TJ5Bjr_pDjQh5rSzA.jpg,,,,245
'bWkaAPhoz4bumAXiKWGTVQ,24.16706361,120.6390957,'bWkaAPhoz4bumAXiKWGTVQ.jpg,,,,246
'Bx63OtIXhkmXUWmo8Y0hmw,24.17901584,120.6409173,'Bx63OtIXhkmXUWmo8Y0hmw.jpg,,,,247
'BXCaURULIio8WnZkPF04hw,24.16470946,120.6422347,'BXCaURULIio8WnZkPF04hw.jpg,,,,248
'bxOglTihI0JXPKiXKs-tOw,24.18443518,120.6465452,'bxOglTihI0JXPKiXKs-tOw.jpg,,,,249
'bY5DgO-LWcXecUJD41QveQ,24.17839308,120.6502781,'bY5DgO-LWcXecUJD41QveQ.jpg,,,,250
'ByfI6DTka4QTMkaIbeG8ZQ,24.18282657,120.6529335,'ByfI6DTka4QTMkaIbeG8ZQ.jpg,,,,251
'BYlqFtYJL5DZnnNyQAAx_A,24.18268243,120.6492987,'BYlqFtYJL5DZnnNyQAAx_A.jpg,,,,252
'bYsZEoelSi2EFIDrjhMIcg,24.1870568,120.651439,'bYsZEoelSi2EFIDrjhMIcg.jpg,,,,253
'bZ0b1-7ha0IaWJX8XpuMCQ,24.16629484,120.6434477,'bZ0b1-7ha0IaWJX8XpuMCQ.jpg,,,,254
'bZ2ust1AX1-fdG0pVFlSqw,24.18166828,120.6420237,'bZ2ust1AX1-fdG0pVFlSqw.jpg,,,,255
'c0nloa0sjzeg86YKnNAjYA,24.16689595,120.6394321,'c0nloa0sjzeg86YKnNAjYA.jpg,,,,256
'c0xGJxTY6xsK7DNX9QtbJQ,24.18004349,120.6520879,'c0xGJxTY6xsK7DNX9QtbJQ.jpg,,,,257
'c3TSBz2CQ_Jz-DOZ3tlcIg,24.18141101,120.6404752,'c3TSBz2CQ_Jz-DOZ3tlcIg.jpg,,,,258
'C5CFxg7tH74bCijxYcXATg,24.17784729,120.6406308,'C5CFxg7tH74bCijxYcXATg.jpg,,,,259
'C7kdhbPJ-2t3z2bNqxOvZw,24.1640355,120.6421061,'C7kdhbPJ-2t3z2bNqxOvZw.jpg,,,,260
'C8M6wCTgFhCq8HmShS1YOQ,24.17659257,120.6530455,'C8M6wCTgFhCq8HmShS1YOQ.jpg,,,,261
'C8PNiu9UxFZuudJHaU58YQ,24.18712287,120.6405798,'C8PNiu9UxFZuudJHaU58YQ.jpg,,,,262
'C96cHkKfI1X7zl_dQ52oeg,24.17895593,120.642254,'C96cHkKfI1X7zl_dQ52oeg.jpg,,,,263
'caclAstBgozkDcekkM6UNw,24.16454792,120.6423758,'caclAstBgozkDcekkM6UNw.jpg,,,,264
'cAqp-d_q4yDoIUrkWRYydw,24.17894137,120.6496407,'cAqp-d_q4yDoIUrkWRYydw.jpg,,,,265
'CdAMzxIoBEhqoSrl4uMS-w,24.18229245,120.6445753,'CdAMzxIoBEhqoSrl4uMS-w.jpg,,,,266
'cDXoRoOwiO-kdGn_rrxh3A,24.17763479,120.6441403,'cDXoRoOwiO-kdGn_rrxh3A.jpg,,,,267
'cE2QCDq2_SHaaz65KaTr5A,24.17848724,120.6482822,'cE2QCDq2_SHaaz65KaTr5A.jpg,,,,268
'cEpWH9ptKuOPDXL81plxbQ,24.17678759,120.6533237,'cEpWH9ptKuOPDXL81plxbQ.jpg,,,,269
'CFPRGwh5Xfru0OmjDNO6fg,24.17826122,120.6503731,'CFPRGwh5Xfru0OmjDNO6fg.jpg,,,,270
'Cgm9P-EPgXbM2UeHSSx82Q,24.18325279,120.6495959,'Cgm9P-EPgXbM2UeHSSx82Q.jpg,,,,271
'ChWLg6IrA9EZPy4Ak4THQA,24.17736281,120.6526084,'ChWLg6IrA9EZPy4Ak4THQA.jpg,,,,272
'cjjp97f5jnnKAte6hqGobw,24.18770589,120.6456472,'cjjp97f5jnnKAte6hqGobw.jpg,,,,273
'cjuMEVtCDr8_3Iener5Wcw,24.18762452,120.6431174,'cjuMEVtCDr8_3Iener5Wcw.jpg,,,,274
'CkKND-dxNJnaEl1YLhLrwA,24.1861221,120.6449475,'CkKND-dxNJnaEl1YLhLrwA.jpg,,,,275
'Ckr7zMM7tir6i08PRFIURw,24.18003695,120.649818,'Ckr7zMM7tir6i08PRFIURw.jpg,,,,276
'cMwJBnSHaTSP0SXyIC_YXw,24.18170635,120.6441079,'cMwJBnSHaTSP0SXyIC_YXw.jpg,,,,277
'CN7gKpQ1zBQb2eedw_Kyig,24.18117124,120.6523527,'CN7gKpQ1zBQb2eedw_Kyig.jpg,,,,278
'cOoFGK0IpUg7VkG_NiTHUA,24.18644971,120.6520824,'cOoFGK0IpUg7VkG_NiTHUA.jpg,,,,279
'CPinfoW2HsX3wK3g2VilsQ,24.1769669,120.6476239,'CPinfoW2HsX3wK3g2VilsQ.jpg,,,,280
'CPKl8RKRLzl2yfjJJ_wwcA,24.17636076,120.6516058,'CPKl8RKRLzl2yfjJJ_wwcA.jpg,,,,281
'CPoOp3itjUm_jlkge_FM6Q,24.17824049,120.652596,'CPoOp3itjUm_jlkge_FM6Q.jpg,,,,282
'CrcayeSXHLkvQolppvCHag,24.18157393,120.6538059,'CrcayeSXHLkvQolppvCHag.jpg,,,,283
'Cre1qifWRhCbH34IzMkq6A,24.16740222,120.6407713,'Cre1qifWRhCbH34IzMkq6A.jpg,,,,284
'cRsCGgwZkSXf8Lvf0pv8RA,24.18417795,120.6546475,'cRsCGgwZkSXf8Lvf0pv8RA.jpg,,,,285
'cSY8wqS7uATqDud5w5pFzg,24.17978542,120.6413742,'cSY8wqS7uATqDud5w5pFzg.jpg,,,,286
'CUNTU4RLbAsMsHsh5HmRCA,24.18449596,120.6404516,'CUNTU4RLbAsMsHsh5HmRCA.jpg,,,,287
'CVuAgcJ3B-NgyulzJgfkBw,24.18375558,120.6434158,'CVuAgcJ3B-NgyulzJgfkBw.jpg,,,,288
'cWhw8LvVbFWZ7NZGbsASNw,24.18037195,120.6404338,'cWhw8LvVbFWZ7NZGbsASNw.jpg,,,,289
'CXqWBMn3Sdt0kEV-3E9wVg,24.18203317,120.6430931,'CXqWBMn3Sdt0kEV-3E9wVg.jpg,,,,290
'd03Xlx9tVS8FjckWBMwhjg,24.17839496,120.641069,'d03Xlx9tVS8FjckWBMwhjg.jpg,,,,291
'd0KLO50hvSN1CNTPNMsC7A,24.16543017,120.6411056,'d0KLO50hvSN1CNTPNMsC7A.jpg,,,,292
'D0Wpr74fmeOdyFPkoHfwPg,24.17728849,120.6431495,'D0Wpr74fmeOdyFPkoHfwPg.jpg,,,,293
'D51zwqB-5kIgJ1fBydj_cw,24.18635616,120.6450095,'D51zwqB-5kIgJ1fBydj_cw.jpg,,,,294
'D8TPozJ6EHTksSqYgCP8UA,24.17754867,120.6450823,'D8TPozJ6EHTksSqYgCP8UA.jpg,,,,295
'DBZQoAZPLacuDAaurQmwCQ,24.17812641,120.6519467,'DBZQoAZPLacuDAaurQmwCQ.jpg,,,,296
'dd1pWabAddEC_4zi5gawVg,24.18150571,120.652813,'dd1pWabAddEC_4zi5gawVg.jpg,,,,297
'dFyqBuh8M03tXlF4CXDCOg,24.18111881,120.6522703,'dFyqBuh8M03tXlF4CXDCOg.jpg,,,,298
'dhwEn9HeaPx77oZv6oNQWg,24.16458685,120.6401805,'dhwEn9HeaPx77oZv6oNQWg.jpg,,,,299
'DITk7weWCs1EtDi4DYZmWw,24.18161851,120.6495573,'DITk7weWCs1EtDi4DYZmWw.jpg,,,,300
'DjU-QUrN7Q0Pe6fxvKLXZA,24.17824522,120.6521176,'DjU-QUrN7Q0Pe6fxvKLXZA.jpg,,,,301
'dklLh5F0Cyzj92hpc-NSeg,24.18426459,120.6471219,'dklLh5F0Cyzj92hpc-NSeg.jpg,,,,302
'dnwXh1FTmNLPNQfIiU3WmQ,24.18222781,120.6496498,'dnwXh1FTmNLPNQfIiU3WmQ.jpg,,,,303
'dpeGGefbiBeiZd1Gfcst2A,24.17602004,120.6405234,'dpeGGefbiBeiZd1Gfcst2A.jpg,,,,304
'dPRwgQTAhkJXrNpK8x0ZFw,24.16440829,120.6439303,'dPRwgQTAhkJXrNpK8x0ZFw.jpg,,,,305
'drDAvJMHLpAgNUYiZabqkg,24.17887036,120.6480859,'drDAvJMHLpAgNUYiZabqkg.jpg,,,,306
'DrwMuJybrMIDI1b25kT43A,24.16429631,120.6415243,'DrwMuJybrMIDI1b25kT43A.jpg,,,,307
'Dv2kietKvFxjnzZhBzApLQ,24.17623519,120.6405767,'Dv2kietKvFxjnzZhBzApLQ.jpg,,,,308
'Dv7fYgVj4ZGjso06aJgL4g,24.18352428,120.6403848,'Dv7fYgVj4ZGjso06aJgL4g.jpg,,,,309
'dvQsAjwRRswDd-UCVnKyRg,24.1771556,120.6541421,'dvQsAjwRRswDd-UCVnKyRg.jpg,,,,310
'dVYA4Bd5yPPFK5D3jeyn5w,24.18227934,120.6500826,'dVYA4Bd5yPPFK5D3jeyn5w.jpg,,,,311
'DWxvh7s-Q1nrGPI6fK86ug,24.16616076,120.6436562,'DWxvh7s-Q1nrGPI6fK86ug.jpg,,,,312
'DX1NtXxS_4gJb93ZA5A4iQ,24.18416136,120.6473689,'DX1NtXxS_4gJb93ZA5A4iQ.jpg,,,,313
'dYqsURz9tdFQT5nx4Rvcmg,24.1830916,120.643473,'dYqsURz9tdFQT5nx4Rvcmg.jpg,,,,314
'DzRxRzBZGh1fXMpIDG5SRw,24.1799555,120.6422961,'DzRxRzBZGh1fXMpIDG5SRw.jpg,,,,315
'E0URi6I6MBrPe4WpL9T4Lg,24.18437054,120.6429046,'E0URi6I6MBrPe4WpL9T4Lg.jpg,,,,316
'E1japAuD_Wrt7uIm_3wY4Q,24.17819578,120.6519723,'E1japAuD_Wrt7uIm_3wY4Q.jpg,,,,317
'E26a54jj7cMObC-anxMlvw,24.17945823,120.6423987,'E26a54jj7cMObC-anxMlvw.jpg,,,,318
'E3R-v-AYciUig--G8JKU3w,24.18056627,120.6434764,'E3R-v-AYciUig--G8JKU3w.jpg,,,,319
'e4QjI7AnUIo_nQr2q4_5wg,24.17710474,120.6453831,'e4QjI7AnUIo_nQr2q4_5wg.jpg,,,,320
'E568-8DzJXJBGYpFLOZ_Mw,24.17625709,120.6545196,'E568-8DzJXJBGYpFLOZ_Mw.jpg,,,,321
'e6Ql0k7hN8Tdaweor7lk4w,24.1807651,120.6534501,'e6Ql0k7hN8Tdaweor7lk4w.jpg,,,,322
'E7ikdaC31YSftZU8M-NS2Q,24.18316738,120.6409939,'E7ikdaC31YSftZU8M-NS2Q.jpg,,,,323
'ea_Hf76fqom2Eh7NlUIn8w,24.18764677,120.6417432,'ea_Hf76fqom2Eh7NlUIn8w.jpg,,,,324
'ebYbkfSZotL-B7e2_G5qPA,24.18334566,120.649022,'ebYbkfSZotL-B7e2_G5qPA.jpg,,,,325
'EdCsswgTlAB4Q0jS3OoE8Q,24.16418201,120.6410023,'EdCsswgTlAB4Q0jS3OoE8Q.jpg,,,,326
'EdKo2l8k337H5idRcIHTEQ,24.166496,120.6428612,'EdKo2l8k337H5idRcIHTEQ.jpg,,,,327
'efLOllqutx9jpcA90pm25w,24.1820721,120.6505271,'efLOllqutx9jpcA90pm25w.jpg,,,,328
'eFN4F9EShz8NK9cOLiphYQ,24.18156414,120.6502411,'eFN4F9EShz8NK9cOLiphYQ.jpg,,,,329
'EfOEaRN9uiEdDDIVZk3OoA,24.18504198,120.641748,'EfOEaRN9uiEdDDIVZk3OoA.jpg,,,,330
'EggPF7oWdy9Gwzu0tA0vDA,24.1637176,120.6400645,'EggPF7oWdy9Gwzu0tA0vDA.jpg,,,,331
'Egyw05BMzNQAAARAtEBYmw,24.1792859,120.6458175,'Egyw05BMzNQAAARAtEBYmw.jpg,,,,332
'EI31miEWg7uZB2x3mWaV7A,24.1845886,120.6420878,'EI31miEWg7uZB2x3mWaV7A.jpg,,,,333
'Ejx4-p0zve6lTCLEvpVzOQ,24.18768482,120.6415984,'Ejx4-p0zve6lTCLEvpVzOQ.jpg,,,,334
'eK5-cS5s33WyLAQmOroc-Q,24.18176567,120.652187,'eK5-cS5s33WyLAQmOroc-Q.jpg,,,,335
'eNNnBaUhFoiht8lvTWI3MQ,24.16662315,120.6421282,'eNNnBaUhFoiht8lvTWI3MQ.jpg,,,,336
'EoCJDTJqzsLqbba4VTNhMg,24.16468921,120.6413167,'EoCJDTJqzsLqbba4VTNhMg.jpg,,,,337
'EpRuGeGPpHvXF0pM_hcakA,24.18356891,120.6516612,'EpRuGeGPpHvXF0pM_hcakA.jpg,,,,338
'EQa3rdSW0NAtaG_tbHXuUA,24.17943805,120.6498814,'EQa3rdSW0NAtaG_tbHXuUA.jpg,,,,339
'eQimqpn0dIptkUuG8UVdUQ,24.18684035,120.6422931,'eQimqpn0dIptkUuG8UVdUQ.jpg,,,,340
'EUnh5WQqfujpRgnKjIwFsA,24.16431204,120.6435279,'EUnh5WQqfujpRgnKjIwFsA.jpg,,,,341
'evvggJyoNczXv8ZPCw_fhg,24.17776683,120.6406269,'evvggJyoNczXv8ZPCw_fhg.jpg,,,,342
'eWeXHcn_0O9XTxk13RKIqA,24.18639122,120.6457682,'eWeXHcn_0O9XTxk13RKIqA.jpg,,,,343
'eXdLj2DnGkEwqdCKsWFSeQ,24.18023889,120.6455278,'eXdLj2DnGkEwqdCKsWFSeQ.jpg,,,,344
'e_STK0rOxwbsq_J5jSrC5g,24.17801217,120.6536381,'e_STK0rOxwbsq_J5jSrC5g.jpg,,,,345
'E_XFOme6ENV-bV9rqkYoLg,24.16577421,120.6397124,'E_XFOme6ENV-bV9rqkYoLg.jpg,,,,346
'F0VdHfXanc1WTimVRcvciA,24.16637963,120.6414586,'F0VdHfXanc1WTimVRcvciA.jpg,,,,347
'f36AYc7lXljwxfqy8s8-dA,24.16710764,120.6435989,'f36AYc7lXljwxfqy8s8-dA.jpg,,,,348
'F7BXjePe_4_Ja6AQZZCuWg,24.18462235,120.6441695,'F7BXjePe_4_Ja6AQZZCuWg.jpg,,,,349
'f9QQHf7EgSjMu5tYT1XqVA,24.16582668,120.6428941,'f9QQHf7EgSjMu5tYT1XqVA.jpg,,,,350
'fAkshMDCXbk7OyoRR1yQ-g,24.1830033,120.648657,'fAkshMDCXbk7OyoRR1yQ-g.jpg,,,,351
'fBSn4rkp-TsaCrHPJWLORQ,24.17679321,120.6497412,'fBSn4rkp-TsaCrHPJWLORQ.jpg,,,,352
'fcy8Oo2tEbk2Pn7RVft6-A,24.18326459,120.6491802,'fcy8Oo2tEbk2Pn7RVft6-A.jpg,,,,353
'fD9IT3Te7ccAuyxxmAirDg,24.17759659,120.6438271,'fD9IT3Te7ccAuyxxmAirDg.jpg,,,,354
'FhFC-3-0nzpk-ic4qMXiOg,24.18232174,120.653978,'FhFC-3-0nzpk-ic4qMXiOg.jpg,,,,355
'fHITjD5tjJktIiOseKK1Lg,24.17824896,120.640704,'fHITjD5tjJktIiOseKK1Lg.jpg,,,,356
'fHssqsie86qVZYD1H6mVhA,24.17988162,120.6491518,'fHssqsie86qVZYD1H6mVhA.jpg,,,,357
'fI68zdfPwt1mGQbOepw47A,24.18557697,120.653599,'fI68zdfPwt1mGQbOepw47A.jpg,,,,358
'FIbjHrJ-rVCL0_Tan-WPyA,24.18008569,120.6449963,'FIbjHrJ-rVCL0_Tan-WPyA.jpg,,,,359
'FiSQTiOLmq383n7JIRQgqw,24.18098488,120.6439669,'FiSQTiOLmq383n7JIRQgqw.jpg,,,,360
'FKGZ_bSyWqCQ063sIcg1GQ,24.18216047,120.6478704,'FKGZ_bSyWqCQ063sIcg1GQ.jpg,,,,361
'FkHVXydBTDZobfCHaplFKA,24.17604783,120.6443869,'FkHVXydBTDZobfCHaplFKA.jpg,,,,362
'fL2qF9JZu5n6xy8OMd7alg,24.18253008,120.6434495,'fL2qF9JZu5n6xy8OMd7alg.jpg,,,,363
'fMi95qo1DG00vLzuGaJUPQ,24.17680734,120.6448525,'fMi95qo1DG00vLzuGaJUPQ.jpg,,,,364
'fmQBWhOIIiwNJqvNRz2ZyA,24.16428127,120.6402769,'fmQBWhOIIiwNJqvNRz2ZyA.jpg,,,,365
'FnnNpey_KUlWKKewVLD7OQ,24.17675252,120.642638,'FnnNpey_KUlWKKewVLD7OQ.jpg,,,,366
'FqL8X_tiwUy4tFn8Rb2cwQ,24.18248224,120.6442205,'FqL8X_tiwUy4tFn8Rb2cwQ.jpg,,,,367
'Fs1EVuAjXYFU8ky0layv-Q,24.17966488,120.6519,'Fs1EVuAjXYFU8ky0layv-Q.jpg,,,,368
'FSbYJ5aee7uD05tC29klCQ,24.1662628,120.6423708,'FSbYJ5aee7uD05tC29klCQ.jpg,,,,369
'FvHcLiXU82RNyRJWGy6dpA,24.17817136,120.6518199,'FvHcLiXU82RNyRJWGy6dpA.jpg,,,,370
'fVKzPXQPbhXe_k9zILlFNQ,24.18084898,120.6416924,'fVKzPXQPbhXe_k9zILlFNQ.jpg,,,,371
'Fwlp1g9sBG3O9BZb8ezMRA,24.18635775,120.6441341,'Fwlp1g9sBG3O9BZb8ezMRA.jpg,,,,372
'FWYO8ZAdZU816kQuDQcM7Q,24.17721683,120.6443293,'FWYO8ZAdZU816kQuDQcM7Q.jpg,,,,373
'FYdJohRXslPJisUlfBoGIA,24.18308222,120.6500825,'FYdJohRXslPJisUlfBoGIA.jpg,,,,374
'fyUlstEfdVHmi3crwdzNAw,24.18529432,120.6438859,'fyUlstEfdVHmi3crwdzNAw.jpg,,,,375
'FzdtdBa9uejUYFkLzr716w,24.18338246,120.6473832,'FzdtdBa9uejUYFkLzr716w.jpg,,,,376
'f_6DDnVBcdE-1URzQxjbMw,24.17826405,120.6445463,'f_6DDnVBcdE-1URzQxjbMw.jpg,,,,377
'F_iUcoJ_UZ0LOPHrGhMKCg,24.18535708,120.6409475,'F_iUcoJ_UZ0LOPHrGhMKCg.jpg,,,,378
'g2XT4W9d0vPU8PEgGaMn6Q,24.18698343,120.6421542,'g2XT4W9d0vPU8PEgGaMn6Q.jpg,,,,379
'g5pLodddOofK_0Nm2tkTiw,24.1775037,120.6443865,'g5pLodddOofK_0Nm2tkTiw.jpg,,,,380
'gaHr6iShTUXvqN_n_dgSuQ,24.18120699,120.6479865,'gaHr6iShTUXvqN_n_dgSuQ.jpg,,,,381
'gDkZEUreJhiJpjxO-BTt6g,24.18294022,120.6513744,'gDkZEUreJhiJpjxO-BTt6g.jpg,,,,382
'GEaWkZJSQte_S12LuY3yrQ,24.16370519,120.6403764,'GEaWkZJSQte_S12LuY3yrQ.jpg,,,,383
'gevPGnr-E7duCwcTgAHnOw,24.16321712,120.6414143,'gevPGnr-E7duCwcTgAHnOw.jpg,,,,384
'gf4urBYy3VHPcENeszwE5A,24.17668704,120.6501611,'gf4urBYy3VHPcENeszwE5A.jpg,,,,385
'gGmCQkd88h2WkfCcK1lhLA,24.17792218,120.6422135,'gGmCQkd88h2WkfCcK1lhLA.jpg,,,,386
'GIjhU7_v8mXbEmE6DSb41w,24.17859279,120.6501428,'GIjhU7_v8mXbEmE6DSb41w.jpg,,,,387
'GIlp9DzouhwKAGmYyUcI9w,24.16315092,120.6415132,'GIlp9DzouhwKAGmYyUcI9w.jpg,,,,388
'GiT09NX0UPQ40B1N8Krf-A,24.17861957,120.6522368,'GiT09NX0UPQ40B1N8Krf-A.jpg,,,,389
'GjeAjdL8Kjllt9jkZqoI5g,24.18338591,120.6474682,'GjeAjdL8Kjllt9jkZqoI5g.jpg,,,,390
'GlDW3BD9eY-hmlsS34ereg,24.18380618,120.6501091,'GlDW3BD9eY-hmlsS34ereg.jpg,,,,391
'glNn_jsHvltuvkkbO9SwPA,24.18014584,120.6461041,'glNn_jsHvltuvkkbO9SwPA.jpg,,,,392
'gOA_CvKy0G1kCq6F7rIZdQ,24.17801607,120.6450751,'gOA_CvKy0G1kCq6F7rIZdQ.jpg,,,,393
'gOOFR67Ns5ZJX8pRSdKUyw,24.18463514,120.6482942,'gOOFR67Ns5ZJX8pRSdKUyw.jpg,,,,394
'GpIYLZZ3wXxoAKt63TQ7jA,24.17674108,120.6406552,'GpIYLZZ3wXxoAKt63TQ7jA.jpg,,,,395
'gPlyhOyQHEM4zpxrW4o8Gw,24.1859986,120.6447189,'gPlyhOyQHEM4zpxrW4o8Gw.jpg,,,,396
'GPuWTI9RAkBJtFbhzwe7Uw,24.17711148,120.6513855,'GPuWTI9RAkBJtFbhzwe7Uw.jpg,,,,397
'Grdm75T_nIVZbuO7ilOmZQ,24.17938309,120.6532334,'Grdm75T_nIVZbuO7ilOmZQ.jpg,,,,398
'gt98i8hE1iodldDFQd29DA,24.16746946,120.6432425,'gt98i8hE1iodldDFQd29DA.jpg,,,,399
'gUNJCXy2uGkNutgPM9snlQ,24.17803959,120.6455321,'gUNJCXy2uGkNutgPM9snlQ.jpg,,,,400
'gWmmBuNf0BXVPU0l4I7ABg,24.18111702,120.6416504,'gWmmBuNf0BXVPU0l4I7ABg.jpg,,,,401
'GxBa9Oc-yGEA4DjG1kWAPg,24.16435609,120.6397253,'GxBa9Oc-yGEA4DjG1kWAPg.jpg,,,,402
'Gyhd40WG0-nOsuSM9FjftQ,24.17775715,120.6430924,'Gyhd40WG0-nOsuSM9FjftQ.jpg,,,,403
'gzSfJTLWwgmCOv-wsIdOHw,24.16734995,120.6423579,'gzSfJTLWwgmCOv-wsIdOHw.jpg,,,,404
'h19z8wkaULWQA0EtJzuV8w,24.16569498,120.6402704,'h19z8wkaULWQA0EtJzuV8w.jpg,,,,405
'H57bkybe5e8ANyNCsUqMwQ,24.17798869,120.6423439,'H57bkybe5e8ANyNCsUqMwQ.jpg,,,,406
'H63EE8MG2XDq165Qo0u-KQ,24.1798685,120.6468036,'H63EE8MG2XDq165Qo0u-KQ.jpg,,,,407
'H6fuSSazRluA8oOKYkpQBQ,24.16485867,120.643351,'H6fuSSazRluA8oOKYkpQBQ.jpg,,,,408
'H82jlD2uhFUADsr84KeyRA,24.18042352,120.6531695,'H82jlD2uhFUADsr84KeyRA.jpg,,,,409
'hAGAwI80N8CeCJ9sKpA3pw,24.17689166,120.643356,'hAGAwI80N8CeCJ9sKpA3pw.jpg,,,,410
'HaQM3V5ynwP_fUFehNOpfA,24.18271403,120.6493263,'HaQM3V5ynwP_fUFehNOpfA.jpg,,,,411
'hawF1d-110M9u_J601ZFug,24.18437854,120.6419432,'hawF1d-110M9u_J601ZFug.jpg,,,,412
'HCCskVuxJ5mLuZHF4ymb_w,24.18663462,120.6464371,'HCCskVuxJ5mLuZHF4ymb_w.jpg,,,,413
'hCp5COi3Rf0SAw-x5GseZw,24.16707123,120.6422806,'hCp5COi3Rf0SAw-x5GseZw.jpg,,,,414
'hCRcOXGo8fSVsxF-yb_rTg,24.18230713,120.6479675,'hCRcOXGo8fSVsxF-yb_rTg.jpg,,,,415
'hDj11-C1PheXnE3PS-AenA,24.18445612,120.6479796,'hDj11-C1PheXnE3PS-AenA.jpg,,,,416
'hDvoRaGgPN0vRFSyy3362w,24.17680897,120.6499011,'hDvoRaGgPN0vRFSyy3362w.jpg,,,,417
'hEAw4z3KWRlQzVUpwt8_Qw,24.18464093,120.6515789,'hEAw4z3KWRlQzVUpwt8_Qw.jpg,,,,418
'heoF1RovDGjvDBnNNp6dJA,24.17614063,120.6492477,'heoF1RovDGjvDBnNNp6dJA.jpg,,,,419
'HgBFLAR6mp1UV_5YElqtUA,24.1823032,120.6529874,'HgBFLAR6mp1UV_5YElqtUA.jpg,,,,420
'hJcboZbKe3JaycRLldmUvg,24.18225652,120.6451617,'hJcboZbKe3JaycRLldmUvg.jpg,,,,421
'Hkd-1AZBYlF28xsZLa9s9w,24.18080378,120.6418768,'Hkd-1AZBYlF28xsZLa9s9w.jpg,,,,422
'HlQne_Pdp6LD2g27BS2aTA,24.16363733,120.6408136,'HlQne_Pdp6LD2g27BS2aTA.jpg,,,,423
'hm2fUMar4WvfvZlBt_2ehQ,24.18495204,120.6537912,'hm2fUMar4WvfvZlBt_2ehQ.jpg,,,,424
'hnSCZr0j8kcwBw8tjFh8Rg,24.17939533,120.6407602,'hnSCZr0j8kcwBw8tjFh8Rg.jpg,,,,425
'HPE8FhLEB7uesc23lqXz1A,24.16734281,120.6432675,'HPE8FhLEB7uesc23lqXz1A.jpg,,,,426
'HpsiK_5FkzLhCe3opIkzzQ,24.16417755,120.6435551,'HpsiK_5FkzLhCe3opIkzzQ.jpg,,,,427
'HqLWUVmOQYiDcpO8EGMsBg,24.179379,120.6500742,'HqLWUVmOQYiDcpO8EGMsBg.jpg,,,,428
'hTHntcY9rUotWmbZRikwwQ,24.18505038,120.6421222,'hTHntcY9rUotWmbZRikwwQ.jpg,,,,429
'HtnWsGMuPrWwypCjO2R3mw,24.18696958,120.651649,'HtnWsGMuPrWwypCjO2R3mw.jpg,,,,430
'Huc9pRqJsDtAz5mEuI8eRA,24.1764583,120.6423692,'Huc9pRqJsDtAz5mEuI8eRA.jpg,,,,431
'hUewiQIO8Q2lScUYSb3xLw,24.17940157,120.6469921,'hUewiQIO8Q2lScUYSb3xLw.jpg,,,,432
'HUmNu5HJ4ZBH5v8HD-7KYg,24.18072827,120.6420639,'HUmNu5HJ4ZBH5v8HD-7KYg.jpg,,,,433
'Hv1iqrFdIpjbN6xNJxJhkg,24.1821966,120.6429397,'Hv1iqrFdIpjbN6xNJxJhkg.jpg,,,,434
'hV84NcL0ipNOUYb_mEQ-_w,24.18417106,120.6470334,'hV84NcL0ipNOUYb_mEQ-_w.jpg,,,,435
'H_6FSxgm6FWPtSPU78Fr1w,24.18045229,120.6427346,'H_6FSxgm6FWPtSPU78Fr1w.jpg,,,,436
'i7H8gpe8I6XgMfmXIQfQxQ,24.17619974,120.646322,'i7H8gpe8I6XgMfmXIQfQxQ.jpg,,,,437
'I7p3H0dGE54mpiSJiCRrXA,24.1830656,120.6443067,'I7p3H0dGE54mpiSJiCRrXA.jpg,,,,438
'i8CSN4Q-CHJnjLyucjDskw,24.17832386,120.6540365,'i8CSN4Q-CHJnjLyucjDskw.jpg,,,,439
'iaR-sddFF-upfVzx9vq59A,24.16649282,120.6433319,'iaR-sddFF-upfVzx9vq59A.jpg,,,,440
'IdIYWXhRIjDBk4BtlLiAoA,24.17616158,120.6452904,'IdIYWXhRIjDBk4BtlLiAoA.jpg,,,,441
'iEU8KzIgzKI13i88UfhzNQ,24.17727093,120.641383,'iEU8KzIgzKI13i88UfhzNQ.jpg,,,,442
'ij0FOBtBOIokZDhgS4VQew,24.17643309,120.6448444,'ij0FOBtBOIokZDhgS4VQew.jpg,,,,443
'ILcHuYI5WDFlbOkM4a4WCQ,24.17626555,120.6443324,'ILcHuYI5WDFlbOkM4a4WCQ.jpg,,,,444
'ILdvyQ_28KGCv5g40JYehQ,24.18364341,120.6409844,'ILdvyQ_28KGCv5g40JYehQ.jpg,,,,445
'ILNplD03N0WvzuNxvUiAeA,24.18253198,120.6477545,'ILNplD03N0WvzuNxvUiAeA.jpg,,,,446
'iMOHpux0o43QrHorZFT9vA,24.16353808,120.641903,'iMOHpux0o43QrHorZFT9vA.jpg,,,,447
'ipfWNEkl_V5-Cj2_sFj4TA,24.17652959,120.6433601,'ipfWNEkl_V5-Cj2_sFj4TA.jpg,,,,448
'iqQiQdRI8JKXOHH87_087g,24.1834152,120.6415745,'iqQiQdRI8JKXOHH87_087g.jpg,,,,449
'IqzP9MLeXpnoX2DeDXyxtA,24.18451057,120.6436624,'IqzP9MLeXpnoX2DeDXyxtA.jpg,,,,450
'IrgCYHv6I779oD8ZXiLbSg,24.17830939,120.6468748,'IrgCYHv6I779oD8ZXiLbSg.jpg,,,,451
'IrPOu-Wqr72ggBJyzyguVQ,24.18176872,120.6401181,'IrPOu-Wqr72ggBJyzyguVQ.jpg,,,,452
'iVMQtPKpBJ_1SUcFg4T5jg,24.17721494,120.6447388,'iVMQtPKpBJ_1SUcFg4T5jg.jpg,,,,453
'iVxZwGvoaQZUw7EWgfA0tg,24.17908765,120.6526413,'iVxZwGvoaQZUw7EWgfA0tg.jpg,,,,454
'iwDg8BeiZdJzLzwtAjrmCQ,24.17703558,120.644723,'iwDg8BeiZdJzLzwtAjrmCQ.jpg,,,,455
'IX-PJjbJi7fN_Gze2TooGQ,24.1796256,120.6459926,'IX-PJjbJi7fN_Gze2TooGQ.jpg,,,,456
'IXdbS79ui1mCTggCTmK0QQ,24.18139795,120.6526653,'IXdbS79ui1mCTggCTmK0QQ.jpg,,,,457
'IxOHEAGvPJdCfsoGblSAqQ,24.1794962,120.647628,'IxOHEAGvPJdCfsoGblSAqQ.jpg,,,,458
'iXW6xCSkw-gtSRTVnk4SoA,24.18207724,120.6408102,'iXW6xCSkw-gtSRTVnk4SoA.jpg,,,,459
'IYs0YBfkUtrJcrTBSTqJbQ,24.16665654,120.6390669,'IYs0YBfkUtrJcrTBSTqJbQ.jpg,,,,460
'izqtOw6YL29ZkkG3K-o9Ew,24.17787359,120.6400181,'izqtOw6YL29ZkkG3K-o9Ew.jpg,,,,461
'iZVuDkpnbg1LcKhY-IUgmA,24.18558151,120.6454266,'iZVuDkpnbg1LcKhY-IUgmA.jpg,,,,462
'j-jyqSRA8h2otLI0HH1NNA,24.18238798,120.6460944,'j-jyqSRA8h2otLI0HH1NNA.jpg,,,,463
'J-W6obLTkLrzXcWpcSfTzw,24.17958926,120.6431723,'J-W6obLTkLrzXcWpcSfTzw.jpg,,,,464
'J0e7syIAIrgbe4ROeFzCEg,24.18029768,120.645242,'J0e7syIAIrgbe4ROeFzCEg.jpg,,,,465
'J3MJ6GWJZaAdhM4srC75_g,24.18734537,120.6437033,'J3MJ6GWJZaAdhM4srC75_g.jpg,,,,466
'j40zT5QbD_NEvaUH-mcShw,24.16520705,120.6398858,'j40zT5QbD_NEvaUH-mcShw.jpg,,,,467
'J5b0ZEMQE6tHPIdrCu4M1Q,24.16730291,120.6392954,'J5b0ZEMQE6tHPIdrCu4M1Q.jpg,,,,468
'J5Q60NeAEPylhwoM1ooEpg,24.1645535,120.6419928,'J5Q60NeAEPylhwoM1ooEpg.jpg,,,,469
'J5USh0f23aSvHpU-eGAmIA,24.18072262,120.6414263,'J5USh0f23aSvHpU-eGAmIA.jpg,,,,470
'j6gdCm5_R7R4T4ekiz6FcQ,24.18106995,120.6422609,'j6gdCm5_R7R4T4ekiz6FcQ.jpg,,,,471
'j7pk2D8JGqkcqNmY9AThvQ,24.17967574,120.6431475,'j7pk2D8JGqkcqNmY9AThvQ.jpg,,,,472
'j9CXVLMNFD4_VQ9QrZ30ew,24.1835411,120.6428012,'j9CXVLMNFD4_VQ9QrZ30ew.jpg,,,,473
'JAHGAQ5mbBw2zS_hlaDVVA,24.181698,120.6425695,'JAHGAQ5mbBw2zS_hlaDVVA.jpg,,,,474
'jar3I0tn4SZzcoNVQavhsA,24.18762213,120.6518625,'jar3I0tn4SZzcoNVQavhsA.jpg,,,,475
'jCrxiU-b68Z0ONqgr6R9TQ,24.17890993,120.6441397,'jCrxiU-b68Z0ONqgr6R9TQ.jpg,,,,476
'jdfi_7mjQaTrpL7I2d38fA,24.18341487,120.6460742,'jdfi_7mjQaTrpL7I2d38fA.jpg,,,,477
'jEGlyTObPH9nIekN7XVOaQ,24.18507539,120.6425747,'jEGlyTObPH9nIekN7XVOaQ.jpg,,,,478
'jfBZDFnCBXhGNZqFPB8x2g,24.16342416,120.6420438,'jfBZDFnCBXhGNZqFPB8x2g.jpg,,,,479
'jfJbV0LZFZwS16JDyCIWZA,24.17605213,120.6426643,'jfJbV0LZFZwS16JDyCIWZA.jpg,,,,480
'jhQOB3WXycnp5uY7c1R1Lg,24.17904828,120.6402889,'jhQOB3WXycnp5uY7c1R1Lg.jpg,,,,481
'jLj5l-8SOVKennM9TkP-dg,24.17713415,120.651497,'jLj5l-8SOVKennM9TkP-dg.jpg,,,,482
'Jm8XCI2dU1klCgA5yGrIqw,24.16640326,120.6402625,'Jm8XCI2dU1klCgA5yGrIqw.jpg,,,,483
'JNkPl-cNY8Gg9KyinnOGGg,24.18457916,120.6477255,'JNkPl-cNY8Gg9KyinnOGGg.jpg,,,,484
'Jr7mbuWo6kTXJDz7c8Q3Ug,24.17627621,120.654898,'Jr7mbuWo6kTXJDz7c8Q3Ug.jpg,,,,485
'jSuPf2IUcbXyyPQsqqxc2A,24.18239865,120.6548414,'jSuPf2IUcbXyyPQsqqxc2A.jpg,,,,486
'JT7K7kcWdfFyqUpov1gfrw,24.17769357,120.6446679,'JT7K7kcWdfFyqUpov1gfrw.jpg,,,,487
'jUUpnR84oSuJ63efSajTMA,24.17931192,120.6531071,'jUUpnR84oSuJ63efSajTMA.jpg,,,,488
'jvQwxCEuJGJieZrTh7VckQ,24.1804305,120.6441992,'jvQwxCEuJGJieZrTh7VckQ.jpg,,,,489
'JwgRqIB5DPT-nNEHi5cNKQ,24.16621263,120.6399856,'JwgRqIB5DPT-nNEHi5cNKQ.jpg,,,,490
'k2-weqXg8jZF8GdofXdrVg,24.18289944,120.648196,'k2-weqXg8jZF8GdofXdrVg.jpg,,,,491
'K3FlLO_99CcYbN-YIv8vYw,24.17631841,120.6451819,'K3FlLO_99CcYbN-YIv8vYw.jpg,,,,492
'K3ZXnBUkV3NCQhNLk9SDUw,24.1837791,120.6424209,'K3ZXnBUkV3NCQhNLk9SDUw.jpg,,,,493
'k5SzaAwY0QiUBhfDkLpoMw,24.18061465,120.6401109,'k5SzaAwY0QiUBhfDkLpoMw.jpg,,,,494
'K7tnCKFVslwZwTz0IW0anA,24.18094807,120.6447976,'K7tnCKFVslwZwTz0IW0anA.jpg,,,,495
'KdaLA2P3YXYlClUNVWSpkA,24.17663399,120.6400589,'KdaLA2P3YXYlClUNVWSpkA.jpg,,,,496
'kDWN1Z4im20AAARAtEBYqg,24.17709523,120.646934,'kDWN1Z4im20AAARAtEBYqg.jpg,,,,497
'KeD_0J2xmKO6pAV2wg2b_Q,24.18688655,120.6434808,'KeD_0J2xmKO6pAV2wg2b_Q.jpg,,,,498
'KgJYBUxNNdGzTb_Jhatdtw,24.17984861,120.6472797,'KgJYBUxNNdGzTb_Jhatdtw.jpg,,,,499
'kimdJ3AHbRw_U63AFmce_Q,24.17903721,120.6528878,'kimdJ3AHbRw_U63AFmce_Q.jpg,,,,500
'KJPJmdiTYJdqCkfS8_RaNg,24.18113126,120.6533866,'KJPJmdiTYJdqCkfS8_RaNg.jpg,,,,501
'KKTRYkUJdoyKOBEAM4YUdA,24.18083419,120.6501465,'KKTRYkUJdoyKOBEAM4YUdA.jpg,,,,502
'KM6MRBalM9jsVrPxZrzkuw,24.18136,120.6541897,'KM6MRBalM9jsVrPxZrzkuw.jpg,,,,503
'kMSYG5xBEspoTJpipc3vqQ,24.18058619,120.6535024,'kMSYG5xBEspoTJpipc3vqQ.jpg,,,,504
'KNy_vnsVNhamru-oulccyQ,24.18406618,120.6459196,'KNy_vnsVNhamru-oulccyQ.jpg,,,,505
'kou_DPqMrH2jJZ0gWsS2GQ,24.18482998,120.6405828,'kou_DPqMrH2jJZ0gWsS2GQ.jpg,,,,506
'kRDLaEtpFz_GEdip4VAQ1Q,24.16388128,120.6419392,'kRDLaEtpFz_GEdip4VAQ1Q.jpg,,,,507
'krkVol5QkHAVLedgfKSXIA,24.18062936,120.6533142,'krkVol5QkHAVLedgfKSXIA.jpg,,,,508
'KRy3n6O0else8PEF7a-qaQ,24.17648351,120.64827,'KRy3n6O0else8PEF7a-qaQ.jpg,,,,509
'Ks8-J0IJL0-uMAVtEg03bA,24.17837038,120.6531802,'Ks8-J0IJL0-uMAVtEg03bA.jpg,,,,510
'ksiTGgX-cuAazzKpsf8l9A,24.17615141,120.6440026,'ksiTGgX-cuAazzKpsf8l9A.jpg,,,,511
'KsNRGnS8Mf6BCGu2dCBVUg,24.16521503,120.6403366,'KsNRGnS8Mf6BCGu2dCBVUg.jpg,,,,512
'kvA1b7Dxhw1H8iYOLFFFjw,24.17971128,120.6480304,'kvA1b7Dxhw1H8iYOLFFFjw.jpg,,,,513
'KvANGetlZ2yvmO2CaqwMZQ,24.164669,120.6423901,'KvANGetlZ2yvmO2CaqwMZQ.jpg,,,,514
'kvJOW5tgvpB0QGc3u1R4Cw,24.16749427,120.6410028,'kvJOW5tgvpB0QGc3u1R4Cw.jpg,,,,515
'kwokSRJ2mlziiqLgtBSbIA,24.18399398,120.6481534,'kwokSRJ2mlziiqLgtBSbIA.jpg,,,,516
'Kx-aot7C1I12kR5b80XqCg,24.17860819,120.6414217,'Kx-aot7C1I12kR5b80XqCg.jpg,,,,517
'KZjf5edjHkyDs-R9Z_m5ww,24.17681087,120.652372,'KZjf5edjHkyDs-R9Z_m5ww.jpg,,,,518
'k_6c_beIBGvtkoG9FUOhkQ,24.17872297,120.6473531,'k_6c_beIBGvtkoG9FUOhkQ.jpg,,,,519
'l13iPunuvTPATLHEnY6grQ,24.17624007,120.6402308,'l13iPunuvTPATLHEnY6grQ.jpg,,,,520
'l1jc8fAkdehBSsRrmerS3w,24.18519472,120.6455302,'l1jc8fAkdehBSsRrmerS3w.jpg,,,,521
'l2AihZKDWUkmJlqUUE530A,24.16595183,120.6394839,'l2AihZKDWUkmJlqUUE530A.jpg,,,,522
'L3yC0TnYEA03h-qaPuDtgg,24.18655715,120.644677,'L3yC0TnYEA03h-qaPuDtgg.jpg,,,,523
'l51WBvi2aNk53fCb-gAwGQ,24.17723216,120.651614,'l51WBvi2aNk53fCb-gAwGQ.jpg,,,,524
'L6HYkuxlIz2f0IfAbvywIQ,24.18528919,120.6451818,'L6HYkuxlIz2f0IfAbvywIQ.jpg,,,,525
'L8QSIIAAoBcIvN8OR3s6eQ,24.16318243,120.6391068,'L8QSIIAAoBcIvN8OR3s6eQ.jpg,,,,526
'l91vojC0B8vE9POFy4QRlg,24.17657801,120.6543254,'l91vojC0B8vE9POFy4QRlg.jpg,,,,527
'L9PDlVnhjuHXaNrp67ROaw,24.1674456,120.6401847,'L9PDlVnhjuHXaNrp67ROaw.jpg,,,,528
'LAw6Iw9RGGh3NJghz1Di3Q,24.17794794,120.6422108,'LAw6Iw9RGGh3NJghz1Di3Q.jpg,,,,529
'LbN0NenkmBE5fbL0vFJyqg,24.18386016,120.6403799,'LbN0NenkmBE5fbL0vFJyqg.jpg,,,,530
'lCBmwXiAtrlMeY95Hsjl1A,24.18554555,120.6406726,'lCBmwXiAtrlMeY95Hsjl1A.jpg,,,,531
'Lf47VyGhIpgAAARAtEBYog,24.17795424,120.6466165,'Lf47VyGhIpgAAARAtEBYog.jpg,,,,532
'lgn5s47Q2asieZiTPJZP9w,24.18453804,120.6538151,'lgn5s47Q2asieZiTPJZP9w.jpg,,,,533
'LHCuYLe2pvWmP-VdLE4PcA,24.18373221,120.6480397,'LHCuYLe2pvWmP-VdLE4PcA.jpg,,,,534
'lhildlGqVLrfM3OdTC4xiw,24.1761293,120.6435223,'lhildlGqVLrfM3OdTC4xiw.jpg,,,,535
'lhNX-DyS3b_zlZecK1hXZw,24.1811442,120.645287,'lhNX-DyS3b_zlZecK1hXZw.jpg,,,,536
'lh_73eHxhnHEYhYR6covNQ,24.16420801,120.6406982,'lh_73eHxhnHEYhYR6covNQ.jpg,,,,537
'lIn5BzvnQH9XWBqzYOUA0A,24.18209964,120.6401887,'lIn5BzvnQH9XWBqzYOUA0A.jpg,,,,538
'lkjeMR2-BzRpA2pKxjNddg,24.16584488,120.6431026,'lkjeMR2-BzRpA2pKxjNddg.jpg,,,,539
'lKQMMKd21rCPPlFnYVRPNA,24.1819162,120.6431684,'lKQMMKd21rCPPlFnYVRPNA.jpg,,,,540
'LkUMMv5vucbiTTuvm9_kKA,24.17856883,120.6411194,'LkUMMv5vucbiTTuvm9_kKA.jpg,,,,541
'lLCrJkBg9Lxwb5bEMJHBjg,24.18338734,120.6465437,'lLCrJkBg9Lxwb5bEMJHBjg.jpg,,,,542
'Lnsxf09JcVc6EoJI07fRdg,24.18014015,120.6421295,'Lnsxf09JcVc6EoJI07fRdg.jpg,,,,543
'lNvBNxFIZVfe965IF3z9aQ,24.18418188,120.6424587,'lNvBNxFIZVfe965IF3z9aQ.jpg,,,,544
'lO_cl_VKvP6R6u4NJiWfAw,24.17645223,120.6514644,'lO_cl_VKvP6R6u4NJiWfAw.jpg,,,,545
'lpNvdHJcoM7DbMNbj7RdzQ,24.17830331,120.6420859,'lpNvdHJcoM7DbMNbj7RdzQ.jpg,,,,546
'LQJeKyzIK0ZKRPIprrY4cw,24.16663661,120.6428335,'LQJeKyzIK0ZKRPIprrY4cw.jpg,,,,547
'LqjrbR_XSr5R25tyqnzexg,24.16378109,120.641207,'LqjrbR_XSr5R25tyqnzexg.jpg,,,,548
'lqKvFwZlYHpjYJcA43WrSg,24.17920994,120.6521854,'lqKvFwZlYHpjYJcA43WrSg.jpg,,,,549
'lT7At9GlZFCgt2hgt5hthQ,24.17990927,120.6463022,'lT7At9GlZFCgt2hgt5hthQ.jpg,,,,550
'LuHW6Rfqbij0nqpaIWnC2w,24.1813727,120.6443587,'LuHW6Rfqbij0nqpaIWnC2w.jpg,,,,551
'lUNL2PPiHnCdrd02YvY_Dg,24.1793986,120.6474225,'lUNL2PPiHnCdrd02YvY_Dg.jpg,,,,552
'lUWkGOAeJP0jryDeme3VhQ,24.17887281,120.6539499,'lUWkGOAeJP0jryDeme3VhQ.jpg,,,,553
'm0i3WdkVx6km6zfBy-0kqQ,24.18034357,120.6450743,'m0i3WdkVx6km6zfBy-0kqQ.jpg,,,,554
'M0nr_hZ8-RbhygQ9avqvDQ,24.18298143,120.6445686,'M0nr_hZ8-RbhygQ9avqvDQ.jpg,,,,555
'M2xfx3sSowOtcFQbAGTi3A,24.16446865,120.6399031,'M2xfx3sSowOtcFQbAGTi3A.jpg,,,,556
'm4i7da3XXbhodVCFnURggA,24.18000829,120.6484316,'m4i7da3XXbhodVCFnURggA.jpg,,,,557
'm7gRjLAdUSfN9PoCfA8R3w,24.18212684,120.6457129,'m7gRjLAdUSfN9PoCfA8R3w.jpg,,,,558
'MavI2rBE8nmJf3Yhu25jIw,24.17666043,120.643955,'MavI2rBE8nmJf3Yhu25jIw.jpg,,,,559
'mDfZ01wVswaNffClP5w9Tw,24.18500417,120.6546749,'mDfZ01wVswaNffClP5w9Tw.jpg,,,,560
'MDoKiSjNxgytSq-dvA_UUQ,24.18040627,120.6537143,'MDoKiSjNxgytSq-dvA_UUQ.jpg,,,,561
'mgMEBiIN4zWNH1yylzO4Ew,24.17888954,120.6438189,'mgMEBiIN4zWNH1yylzO4Ew.jpg,,,,562
'MIoLYF3H1qOEx9LAercAEA,24.18333029,120.6402014,'MIoLYF3H1qOEx9LAercAEA.jpg,,,,563
'mj3vwO1LmXb59C79K2uHIw,24.17603148,120.6411711,'mj3vwO1LmXb59C79K2uHIw.jpg,,,,564
'MmhD1kXlphjfoSjkYYTnXg,24.17706401,120.6422384,'MmhD1kXlphjfoSjkYYTnXg.jpg,,,,565
'MM_nBf8Qc5I-Vrf3Pr0i4g,24.18087416,120.6436231,'MM_nBf8Qc5I-Vrf3Pr0i4g.jpg,,,,566
'MrCTIVg8bq-srEJzQ5XOcQ,24.18102326,120.6462317,'MrCTIVg8bq-srEJzQ5XOcQ.jpg,,,,567
'mrOqxXRW7GWzQmqAP3XNwg,24.18452939,120.6537524,'mrOqxXRW7GWzQmqAP3XNwg.jpg,,,,568
'MsgecjugyZJivzpvVBQxlQ,24.18270054,120.6456123,'MsgecjugyZJivzpvVBQxlQ.jpg,,,,569
'mvJg4-OGVY7p-x5zI_DOtw,24.18175321,120.6435886,'mvJg4-OGVY7p-x5zI_DOtw.jpg,,,,570
'mvkgiR8mn-5hmdI5HqteMA,24.18692381,120.6420689,'mvkgiR8mn-5hmdI5HqteMA.jpg,,,,571
'mWokXJ2zXZsdNcGvcKDKKg,24.18102494,120.6543165,'mWokXJ2zXZsdNcGvcKDKKg.jpg,,,,572
'MX5SPu0TmpJwqQtC63i11w,24.18384669,120.651167,'MX5SPu0TmpJwqQtC63i11w.jpg,,,,573
'Mz5diP3Ao0Tm3qxDLF3oMg,24.18462698,120.6544791,'Mz5diP3Ao0Tm3qxDLF3oMg.jpg,,,,574
'mZhykekKtwk5RNZbojHAgQ,24.16396429,120.6406948,'mZhykekKtwk5RNZbojHAgQ.jpg,,,,575
'M_5GXkJIKCu3NUZ3Y-OM1A,24.17624654,120.652821,'M_5GXkJIKCu3NUZ3Y-OM1A.jpg,,,,576
'M_hk14l_9vP2S_U6LJv3Lw,24.16477467,120.6433645,'M_hk14l_9vP2S_U6LJv3Lw.jpg,,,,577
'N-69k7HUGfN9zDQZLzUaZA,24.18059208,120.6466028,'N-69k7HUGfN9zDQZLzUaZA.jpg,,,,578
'N16Q24xUFJdVFVYZxbYwxA,24.16595179,120.6398299,'N16Q24xUFJdVFVYZxbYwxA.jpg,,,,579
'N1CnsswrOLeUHl431Xw2mw,24.17847112,120.6486881,'N1CnsswrOLeUHl431Xw2mw.jpg,,,,580
'n30ujFtsIBsIL5Jt23Ge4g,24.1819,120.6475579,'n30ujFtsIBsIL5Jt23Ge4g.jpg,,,,581
'NAsJAnURTA7ezsPO-D1J7g,24.16498747,120.6392605,'NAsJAnURTA7ezsPO-D1J7g.jpg,,,,582
'nCxfckUQ2f4VjR_8j7lkoA,24.17776368,120.6436836,'nCxfckUQ2f4VjR_8j7lkoA.jpg,,,,583
'neBpzap0Z4kaPiNpr66bEg,24.18780535,120.6412357,'neBpzap0Z4kaPiNpr66bEg.jpg,,,,584
'nf7FE1xXP-aBIqmpIkF8tw,24.18487277,120.6438124,'nf7FE1xXP-aBIqmpIkF8tw.jpg,,,,585
'nFN4VnMx8lT0RhH2gbXoDg,24.17867467,120.6447504,'nFN4VnMx8lT0RhH2gbXoDg.jpg,,,,586
'NfrKBD7Vo2mWqumctIwn4w,24.17644511,120.6520521,'NfrKBD7Vo2mWqumctIwn4w.jpg,,,,587
'NFxA4dEw_7FsAaPC5Yd6Cg,24.17883263,120.6494076,'NFxA4dEw_7FsAaPC5Yd6Cg.jpg,,,,588
'nGIeCv4lxzeELPl4SloJ1w,24.18156535,120.651481,'nGIeCv4lxzeELPl4SloJ1w.jpg,,,,589
'ngv71FWryW9DYO8ap6EhLg,24.18668764,120.643347,'ngv71FWryW9DYO8ap6EhLg.jpg,,,,590
'NIiGGX7q26xrJEH9k7j5PA,24.18379313,120.6417503,'NIiGGX7q26xrJEH9k7j5PA.jpg,,,,591
'nju-Z4iP3pAC-wcP00EhJg,24.18197035,120.6538139,'nju-Z4iP3pAC-wcP00EhJg.jpg,,,,592
'nK2U4HjjjZMVR-uDX9V7sQ,24.17784246,120.6490904,'nK2U4HjjjZMVR-uDX9V7sQ.jpg,,,,593
'nKMEQZgRZV1u52ZjxUG4mQ,24.17707237,120.6504645,'nKMEQZgRZV1u52ZjxUG4mQ.jpg,,,,594
'NlOQ-BDnwBi1h8YaW2sXZw,24.18265674,120.6473156,'NlOQ-BDnwBi1h8YaW2sXZw.jpg,,,,595
'NMsUDEwPKIjpb6yXm21PZA,24.16455127,120.6411378,'NMsUDEwPKIjpb6yXm21PZA.jpg,,,,596
'nNZjhG4I2W16Id_gkUIAMA,24.18413157,120.6515844,'nNZjhG4I2W16Id_gkUIAMA.jpg,,,,597
'No0A1eMZ85wmDeYcT6iUow,24.17920648,120.6530718,'No0A1eMZ85wmDeYcT6iUow.jpg,,,,598
'nokrN7kdY_v0NJqS5TLOkA,24.16477455,120.6396564,'nokrN7kdY_v0NJqS5TLOkA.jpg,,,,599
'npDq90MiBxL-mSBjVbeojw,24.16327295,120.639395,'npDq90MiBxL-mSBjVbeojw.jpg,,,,600
'npjcTdAf8liBZVfDIROZ9A,24.18052443,120.6502806,'npjcTdAf8liBZVfDIROZ9A.jpg,,,,601
'Nq5EQbU1SOS-KVclkZV13g,24.17610721,120.6517153,'Nq5EQbU1SOS-KVclkZV13g.jpg,,,,602
'Nql1OPAHRlyplvZPFAd5YQ,24.17845905,120.6429446,'Nql1OPAHRlyplvZPFAd5YQ.jpg,,,,603
'Nr4OztCgCCU1qNZRBDdtgA,24.16539262,120.6438281,'Nr4OztCgCCU1qNZRBDdtgA.jpg,,,,604
'NridfSRnHeNy3X-ZKAb2Hg,24.1764551,120.6433777,'NridfSRnHeNy3X-ZKAb2Hg.jpg,,,,605
'NWOsgCW0Fcjqgt9A88xOgA,24.17815115,120.6538769,'NWOsgCW0Fcjqgt9A88xOgA.jpg,,,,606
'n_UfZcd2YV-r-HJdI1GwDA,24.1652661,120.640138,'n_UfZcd2YV-r-HJdI1GwDA.jpg,,,,607
'o1YEwTjq5JOmSbKrPo0ARg,24.1846285,120.644825,'o1YEwTjq5JOmSbKrPo0ARg.jpg,,,,608
'o2o-yucmR6Dyn8KVM8ALtA,24.17693801,120.6493688,'o2o-yucmR6Dyn8KVM8ALtA.jpg,,,,609
'O4a8cseTZe7EJn2JwIH0yw,24.18602584,120.6406794,'O4a8cseTZe7EJn2JwIH0yw.jpg,,,,610
'O4kRa4I9xjyDgjr-6Ltvbw,24.17632708,120.6446985,'O4kRa4I9xjyDgjr-6Ltvbw.jpg,,,,611
'o54IaYZLKdcwm4WKAxBUwQ,24.18731491,120.6439349,'o54IaYZLKdcwm4WKAxBUwQ.jpg,,,,612
'OBaxgg8cRNU0YjtBdTsUgQ,24.18178334,120.6515298,'OBaxgg8cRNU0YjtBdTsUgQ.jpg,,,,613
'ocEIIqJbDvoF7YRORz5uaA,24.18115923,120.6499303,'ocEIIqJbDvoF7YRORz5uaA.jpg,,,,614
'oE30P4-qUhRyCJXCknHrXA,24.18565041,120.6404758,'oE30P4-qUhRyCJXCknHrXA.jpg,,,,615
'OeJA7otNSbDiD11JGGlqJg,24.16719347,120.6424385,'OeJA7otNSbDiD11JGGlqJg.jpg,,,,616
'oeK2bYs3ckJSGG-u0KmBaQ,24.18065219,120.6432622,'oeK2bYs3ckJSGG-u0KmBaQ.jpg,,,,617
'of95Lqv8thAvuZpwDsVuqw,24.17621378,120.6496284,'of95Lqv8thAvuZpwDsVuqw.jpg,,,,618
'OFODcjPIc8YM2WhtvF6d4g,24.18488409,120.6460893,'OFODcjPIc8YM2WhtvF6d4g.jpg,,,,619
'oH2STLRHcWb1fESUj3hJZg,24.18098332,120.6444182,'oH2STLRHcWb1fESUj3hJZg.jpg,,,,620
'OkWvclISFtdt7iX-scKYxA,24.1810968,120.6433508,'OkWvclISFtdt7iX-scKYxA.jpg,,,,621
'OMlzxmp84-NmJ0MLH5T95Q,24.18126223,120.6457828,'OMlzxmp84-NmJ0MLH5T95Q.jpg,,,,622
'oNNy4YSmPlAqEd4pGFi5Lg,24.17615359,120.6538909,'oNNy4YSmPlAqEd4pGFi5Lg.jpg,,,,623
'onwYSCbwkfxT3sCy9J26eg,24.16492751,120.6407566,'onwYSCbwkfxT3sCy9J26eg.jpg,,,,624
'OO4frf_SxTHy6bxOibUfgw,24.17877842,120.6502121,'OO4frf_SxTHy6bxOibUfgw.jpg,,,,625
'OpuY9AqOhIz4DEQ9iZSFYA,24.16346454,120.64331,'OpuY9AqOhIz4DEQ9iZSFYA.jpg,,,,626
'oR_LwmkIXzoELgTfkKSwsA,24.16409777,120.6420459,'oR_LwmkIXzoELgTfkKSwsA.jpg,,,,627
'oUtsQx6W5BN3C3jkQWxpTQ,24.18118363,120.6423764,'oUtsQx6W5BN3C3jkQWxpTQ.jpg,,,,628
'OwazPnBeob3crRQEMoRRWQ,24.18702279,120.6543566,'OwazPnBeob3crRQEMoRRWQ.jpg,,,,629
'OwouG9HO9FHCdMT3X7cMWA,24.1656135,120.6393677,'OwouG9HO9FHCdMT3X7cMWA.jpg,,,,630
'oxPDAnpm7VTKC9_PRXjPtQ,24.16353732,120.6426509,'oxPDAnpm7VTKC9_PRXjPtQ.jpg,,,,631
'OY6qT3-1wwjnY_q3UQASyg,24.18508797,120.6544908,'OY6qT3-1wwjnY_q3UQASyg.jpg,,,,632
'OzGkKgOd3jPpFf4KTA3-HQ,24.16328417,120.6402887,'OzGkKgOd3jPpFf4KTA3-HQ.jpg,,,,633
'P-2Kc5U_P358BpmGVMXx8A,24.18688716,120.6465387,'P-2Kc5U_P358BpmGVMXx8A.jpg,,,,634
'p0ansM8dSP6HMVwVjWesBA,24.18030449,120.6475671,'p0ansM8dSP6HMVwVjWesBA.jpg,,,,635
'P3DYq6zXYK4J9WcKq8njfA,24.18199691,120.6534758,'P3DYq6zXYK4J9WcKq8njfA.jpg,,,,636
'PaZ0x4-4KzrLwpJYOI87qw,24.16636985,120.6390477,'PaZ0x4-4KzrLwpJYOI87qw.jpg,,,,637
'pbJCLJhJok8sYVsSr06zzg,24.18356764,120.6437925,'pbJCLJhJok8sYVsSr06zzg.jpg,,,,638
'pBPB7KCBtMheXpkjVJKT3w,24.18213429,120.6433102,'pBPB7KCBtMheXpkjVJKT3w.jpg,,,,639
'PBVa39qEr-IkUj0al1Ptmw,24.17696203,120.6421969,'PBVa39qEr-IkUj0al1Ptmw.jpg,,,,640
'pC6mej9hJpWgX-qTfCuKww,24.18769505,120.6514863,'pC6mej9hJpWgX-qTfCuKww.jpg,,,,641
'PDHPDoJ4ItOB_cL7VkWRkg,24.17632399,120.6440256,'PDHPDoJ4ItOB_cL7VkWRkg.jpg,,,,642
'pdx5OZV7TCbSM18bLYW6ow,24.18781541,120.6513627,'pdx5OZV7TCbSM18bLYW6ow.jpg,,,,643
'pESzQQQhBY8vEoWl3_WMew,24.1868236,120.6413524,'pESzQQQhBY8vEoWl3_WMew.jpg,,,,644
'pFRGRTKitr9yG5JJGzwEtg,24.18230461,120.6449555,'pFRGRTKitr9yG5JJGzwEtg.jpg,,,,645
'PFtW9gYT2fp8X-o_L8oJtA,24.18511389,120.6441774,'PFtW9gYT2fp8X-o_L8oJtA.jpg,,,,646
'pGDs8uyXD8lWaHQr19W38w,24.18247891,120.6419949,'pGDs8uyXD8lWaHQr19W38w.jpg,,,,647
'pgGO_8hXNtK_ALgANcwOWA,24.1665469,120.6428551,'pgGO_8hXNtK_ALgANcwOWA.jpg,,,,648
'pgUIRpCbnWg5nZvn_8DT-w,24.18724256,120.6447503,'pgUIRpCbnWg5nZvn_8DT-w.jpg,,,,649
'PihCHSAd2eBUJtPt_hpz4w,24.16580358,120.6418021,'PihCHSAd2eBUJtPt_hpz4w.jpg,,,,650
'piRGPkvBNycAAARAtEBYnA,24.17946143,120.6459057,'piRGPkvBNycAAARAtEBYnA.jpg,,,,651
'PkXdfJENJFCgssxkn4Z1Wg,24.18378726,120.6438542,'PkXdfJENJFCgssxkn4Z1Wg.jpg,,,,652
'pLHI88PZVH30I9KsqP2F5Q,24.16548701,120.639336,'pLHI88PZVH30I9KsqP2F5Q.jpg,,,,653
'PNH8-2BUQSqqwpU4Q1pdPw,24.1833596,120.6471365,'PNH8-2BUQSqqwpU4Q1pdPw.jpg,,,,654
'PQ3sroWdrJHAbWmDJjH2vQ,24.18143473,120.6499553,'PQ3sroWdrJHAbWmDJjH2vQ.jpg,,,,655
'pq6-IDPnBRBsH-Qm3tNCvw,24.18175791,120.6542648,'pq6-IDPnBRBsH-Qm3tNCvw.jpg,,,,656
'Pr5IH3p1VoWZ34GVKrIWdw,24.17990984,120.6479692,'Pr5IH3p1VoWZ34GVKrIWdw.jpg,,,,657
'PRfskhs3Ifm8PJnF3TZ63g,24.17953217,120.6498769,'PRfskhs3Ifm8PJnF3TZ63g.jpg,,,,658
'psUlRaiIa1h0GxDQzdHDrA,24.18056746,120.6493547,'psUlRaiIa1h0GxDQzdHDrA.jpg,,,,659
'ptuKU1fejgziT-Rw7YQB7w,24.16382483,120.6426762,'ptuKU1fejgziT-Rw7YQB7w.jpg,,,,660
'PVvXfy92nnu_O6sbmyc4Nw,24.16470344,120.6403852,'PVvXfy92nnu_O6sbmyc4Nw.jpg,,,,661
'PwCeEjNTB-oB_UoPZsi09g,24.1657962,120.6439475,'PwCeEjNTB-oB_UoPZsi09g.jpg,,,,662
'PWuEXISVShPmn-WhlAvbYQ,24.17678639,120.6502092,'PWuEXISVShPmn-WhlAvbYQ.jpg,,,,663
'pXk229eO8CIe_GLK9jOlfQ,24.1839012,120.6416872,'pXk229eO8CIe_GLK9jOlfQ.jpg,,,,664
'pXMF7h20vsKjcVxs-F5khQ,24.18041469,120.6412655,'pXMF7h20vsKjcVxs-F5khQ.jpg,,,,665
'pysccGVyBOUYD-7DlqdTpg,24.16529642,120.6392034,'pysccGVyBOUYD-7DlqdTpg.jpg,,,,666
'P_YQx1h2MGkmtOZSNTr7BA,24.17815161,120.6447488,'P_YQx1h2MGkmtOZSNTr7BA.jpg,,,,667
'q-o5gfGO2UlNWdFS-RrG7A,24.18250425,120.6485257,'q-o5gfGO2UlNWdFS-RrG7A.jpg,,,,668
'Q0igKwlV4LnTnYiKXSrOcw,24.17943991,120.6533754,'Q0igKwlV4LnTnYiKXSrOcw.jpg,,,,669
'q0uS3MnZZrcvEOAyerudGA,24.16706316,120.6420227,'q0uS3MnZZrcvEOAyerudGA.jpg,,,,670
'Q18nnioWU4Lir9ZozrVPkA,24.18177242,120.6428595,'Q18nnioWU4Lir9ZozrVPkA.jpg,,,,671
'Q1Wwkyxa0nER4e5gl_Y8wQ,24.18794064,120.6410222,'Q1Wwkyxa0nER4e5gl_Y8wQ.jpg,,,,672
'q4QgOhEo-xYAAARAtEBYoQ,24.17800356,120.6465404,'q4QgOhEo-xYAAARAtEBYoQ.jpg,,,,673
'Q6DgcNrCsEmI6UjSNzkLNw,24.18326724,120.6455388,'Q6DgcNrCsEmI6UjSNzkLNw.jpg,,,,674
'q8uhtT8JnlHpsLl1fxAQ6w,24.1769233,120.6416526,'q8uhtT8JnlHpsLl1fxAQ6w.jpg,,,,675
'QbAXDhY2hNIF_6htuTVikg,24.1641138,120.6402479,'QbAXDhY2hNIF_6htuTVikg.jpg,,,,676
'QckcYkb7xHIdRYHKOw4UxA,24.18086674,120.6542508,'QckcYkb7xHIdRYHKOw4UxA.jpg,,,,677
'QcoiPSZBdQ0cJVXkmacXHQ,24.17820625,120.6435887,'QcoiPSZBdQ0cJVXkmacXHQ.jpg,,,,678
'qCWAqQGP_I-fXbReJ3-RLg,24.17652849,120.6508559,'qCWAqQGP_I-fXbReJ3-RLg.jpg,,,,679
'QEiLillOaziHbd1H-akGvg,24.16705284,120.6398495,'QEiLillOaziHbd1H-akGvg.jpg,,,,680
'qgP2OCOLx_US34JxQnWGwQ,24.18719631,120.6547569,'qgP2OCOLx_US34JxQnWGwQ.jpg,,,,681
'QiV3PinLfEAqNWe9eEZJOQ,24.18126541,120.6486303,'QiV3PinLfEAqNWe9eEZJOQ.jpg,,,,682
'Qkub8Je_1CudxJt2kCqCPg,24.17771051,120.6500952,'Qkub8Je_1CudxJt2kCqCPg.jpg,,,,683
'QmA9tIQbgc4WKGlIJwYDTQ,24.16646581,120.6391241,'QmA9tIQbgc4WKGlIJwYDTQ.jpg,,,,684
'Qn2ZduC1Yi4CWjBiKDSueg,24.17871329,120.644414,'Qn2ZduC1Yi4CWjBiKDSueg.jpg,,,,685
'QqlpRjnw2lodI0khTDp8FA,24.17962328,120.6539352,'QqlpRjnw2lodI0khTDp8FA.jpg,,,,686
'qQoVJ2ZeLj5mFEC5vtsVvg,24.18057905,120.6447377,'qQoVJ2ZeLj5mFEC5vtsVvg.jpg,,,,687
'qripR0fAWiZuoYA_dQ_CtQ,24.17644238,120.6544416,'qripR0fAWiZuoYA_dQ_CtQ.jpg,,,,688
'qS6IUwbxb9Mc24N8a1sf4A,24.18072925,120.6439951,'qS6IUwbxb9Mc24N8a1sf4A.jpg,,,,689
'qTcx6zk2qufhvRW4CiVWNA,24.16739178,120.6402049,'qTcx6zk2qufhvRW4CiVWNA.jpg,,,,690
'qUIXrkoHntY5rQNQjGNgpA,24.18530347,120.6401432,'qUIXrkoHntY5rQNQjGNgpA.jpg,,,,691
'qUXWVa5_johUbGbB9A3HYA,24.16334104,120.6412906,'qUXWVa5_johUbGbB9A3HYA.jpg,,,,692
'qVXjfXK_7LCyve6ODFy-og,24.18016754,120.6505037,'qVXjfXK_7LCyve6ODFy-og.jpg,,,,693
'r0Lp2uExaqmojrn47qStxg,24.17909632,120.6515295,'r0Lp2uExaqmojrn47qStxg.jpg,,,,694
'r0rdOvoOZ3Kxo2e1z1IwJA,24.17663995,120.649037,'r0rdOvoOZ3Kxo2e1z1IwJA.jpg,,,,695
'R284X4zkhC4AAARAtEBYmQ,24.17895901,120.6458422,'R284X4zkhC4AAARAtEBYmQ.jpg,,,,696
'R2sbohn1lll4HZFWIITFWw,24.17836272,120.6402749,'R2sbohn1lll4HZFWIITFWw.jpg,,,,697
'r4sv0YgDtWQEYQCIzE1fXg,24.17627132,120.6452512,'r4sv0YgDtWQEYQCIzE1fXg.jpg,,,,698
'r63iHSmRdUM1AUWUoGIiZQ,24.1778827,120.6429445,'r63iHSmRdUM1AUWUoGIiZQ.jpg,,,,699
'r6G9R1IsNMleFtFuUzUABg,24.16304688,120.6422455,'r6G9R1IsNMleFtFuUzUABg.jpg,,,,700
'r8OlYckEyrDjWrdz1wbMXw,24.18402056,120.6409853,'r8OlYckEyrDjWrdz1wbMXw.jpg,,,,701
'R8uRh9CNmDEh8TrG41edtQ,24.16365612,120.640095,'R8uRh9CNmDEh8TrG41edtQ.jpg,,,,702
'r9bky6dOhlv61qhNd64RqQ,24.17759852,120.6431849,'r9bky6dOhlv61qhNd64RqQ.jpg,,,,703
'RB1Tfm_sU49DGsd2mUZD5A,24.18038251,120.6525598,'RB1Tfm_sU49DGsd2mUZD5A.jpg,,,,704
'Rc4myJt3A40AAARAtEBYqw,24.17694565,120.6467496,'Rc4myJt3A40AAARAtEBYqw.jpg,,,,705
'rCrkRYf1dXkOlubTgl0P5g,24.17765097,120.6402203,'rCrkRYf1dXkOlubTgl0P5g.jpg,,,,706
'RdS17MrWQlI03g9eYMcb3Q,24.16319647,120.6400722,'RdS17MrWQlI03g9eYMcb3Q.jpg,,,,707
'rdy2dx95otGKo-RDW6-vVw,24.16742654,120.6395369,'rdy2dx95otGKo-RDW6-vVw.jpg,,,,708
'rFJWh_ANZLZCZ-1hbDyGPg,24.17668254,120.6402544,'rFJWh_ANZLZCZ-1hbDyGPg.jpg,,,,709
'RFQERXmbCLPmO2oId8fLlw,24.17756541,120.6525796,'RFQERXmbCLPmO2oId8fLlw.jpg,,,,710
'RgeIdkdxn1GkqjDFGaQV5A,24.17754663,120.649875,'RgeIdkdxn1GkqjDFGaQV5A.jpg,,,,711
'rHUHBMdB9PAKod-NhMrDRg,24.17795702,120.6415865,'rHUHBMdB9PAKod-NhMrDRg.jpg,,,,712
'rIum1psFc21Lpl8d8iutzQ,24.18194233,120.6433605,'rIum1psFc21Lpl8d8iutzQ.jpg,,,,713
'RJvnjDSlnL4eXr-gf3FJsA,24.18159683,120.6462986,'RJvnjDSlnL4eXr-gf3FJsA.jpg,,,,714
'rlwykJP1XfrrY46v44yODQ,24.18536778,120.6522027,'rlwykJP1XfrrY46v44yODQ.jpg,,,,715
'RnmD3dCPC10eS-OqzcuG7Q,24.18018154,120.6443593,'RnmD3dCPC10eS-OqzcuG7Q.jpg,,,,716
'RO4y5wwymF-B6-9IliYZDQ,24.16402247,120.6404942,'RO4y5wwymF-B6-9IliYZDQ.jpg,,,,717
'rORmqp0BdGFp6cC_aNhGGA,24.17821935,120.6470765,'rORmqp0BdGFp6cC_aNhGGA.jpg,,,,718
'rrfUOtEn4kvCgwhNIt4qtQ,24.1824621,120.6412219,'rrfUOtEn4kvCgwhNIt4qtQ.jpg,,,,719
'rtDqhKB-8pr7hJj5-9S0gQ,24.18183469,120.6444219,'rtDqhKB-8pr7hJj5-9S0gQ.jpg,,,,720
'Rto-BRNXctPUg-qvp1s8Bg,24.16712909,120.6415238,'Rto-BRNXctPUg-qvp1s8Bg.jpg,,,,721
'ru-c4p3Ti40qJ-MycudWnA,24.16726161,120.6410959,'ru-c4p3Ti40qJ-MycudWnA.jpg,,,,722
'Ru7lMhL-CwRRrtzgOURB-A,24.18543017,120.6515761,'Ru7lMhL-CwRRrtzgOURB-A.jpg,,,,723
'RUProeGmNetYPP8gAPfj_A,24.18315958,120.6488705,'RUProeGmNetYPP8gAPfj_A.jpg,,,,724
'RwNhnKluqls62DqeZC9F-w,24.18523595,120.6408388,'RwNhnKluqls62DqeZC9F-w.jpg,,,,725
'RwTeXYBDAfgCWjErQFZ-1A,24.18075847,120.6403135,'RwTeXYBDAfgCWjErQFZ-1A.jpg,,,,726
'RXHI5b9-0SdkEqp2WPuUDw,24.18168843,120.6415917,'RXHI5b9-0SdkEqp2WPuUDw.jpg,,,,727
'ryrXT5om_ndNnWKVke8Glw,24.18763605,120.6439946,'ryrXT5om_ndNnWKVke8Glw.jpg,,,,728
'Rz5OCKh0CRucA58ljXtlrQ,24.18398513,120.6425429,'Rz5OCKh0CRucA58ljXtlrQ.jpg,,,,729
'S-kfi_NcN9_OHazzgQRgcQ,24.18055458,120.6444386,'S-kfi_NcN9_OHazzgQRgcQ.jpg,,,,730
's-zYgQvTsi5Fl3Luugwxtg,24.18017863,120.6421759,'s-zYgQvTsi5Fl3Luugwxtg.jpg,,,,731
's1MYAzqsQP-mb2oPDqB1xg,24.18485355,120.6431479,'s1MYAzqsQP-mb2oPDqB1xg.jpg,,,,732
's3MXAhKbylR1L4fMDwU1fw,24.18449447,120.6449409,'s3MXAhKbylR1L4fMDwU1fw.jpg,,,,733
's56Bf92X0LvIX8dmay9IkQ,24.17985226,120.6461993,'s56Bf92X0LvIX8dmay9IkQ.jpg,,,,734
's8FzoHBZx8L5zbIlrbW7VQ,24.18743666,120.6402028,'s8FzoHBZx8L5zbIlrbW7VQ.jpg,,,,735
'S8nNWCZQed3obQZcVfW8QA,24.17845111,120.6452257,'S8nNWCZQed3obQZcVfW8QA.jpg,,,,736
's9tCnqAZ1QOVY5X93zNBpA,24.18290535,120.6480689,'s9tCnqAZ1QOVY5X93zNBpA.jpg,,,,737
'SbsPgtjz3wlsF-86Ci878w,24.17750888,120.6508746,'SbsPgtjz3wlsF-86Ci878w.jpg,,,,738
'Sc6fvvThFTQY6y6UboXDHA,24.17823165,120.6456974,'Sc6fvvThFTQY6y6UboXDHA.jpg,,,,739
'sEa1IeOfvVhwBcT_Kd81aQ,24.18319311,120.6429517,'sEa1IeOfvVhwBcT_Kd81aQ.jpg,,,,740
'sEyVkJk-pbcJ0gS-7ZC7xw,24.16676825,120.6424571,'sEyVkJk-pbcJ0gS-7ZC7xw.jpg,,,,741
'SFNYSi63H0NF4RRGkyaPKA,24.1827271,120.6486628,'SFNYSi63H0NF4RRGkyaPKA.jpg,,,,742
'sfqrCVFLsi_W6oybZBo_vg,24.17734535,120.6433696,'sfqrCVFLsi_W6oybZBo_vg.jpg,,,,743
'SG8dJR5AYw0f8NyA4rYgzg,24.17802134,120.6406155,'SG8dJR5AYw0f8NyA4rYgzg.jpg,,,,744
'SgfDiuqnD5Kk8esTXxwmsw,24.18459225,120.6539763,'SgfDiuqnD5Kk8esTXxwmsw.jpg,,,,745
'SgZx-8t2BzX97pj3UxNawg,24.18564475,120.6536432,'SgZx-8t2BzX97pj3UxNawg.jpg,,,,746
'SH4PUxiviiWcJH36WOWG4A,24.18349525,120.6482891,'SH4PUxiviiWcJH36WOWG4A.jpg,,,,747
'shOIo0WtokGHA8wUokxSQA,24.16534719,120.6397035,'shOIo0WtokGHA8wUokxSQA.jpg,,,,748
'ShQ9zBWq2xnCahhNyeBVAw,24.18120766,120.649342,'ShQ9zBWq2xnCahhNyeBVAw.jpg,,,,749
'SJGQi04TQzC1Xk5lrr75nQ,24.17884064,120.6524747,'SJGQi04TQzC1Xk5lrr75nQ.jpg,,,,750
'sKmrCHOB8VXmfcOtBdBclA,24.18021814,120.6474563,'sKmrCHOB8VXmfcOtBdBclA.jpg,,,,751
'SLt3c8ApWD9zxwCx1oegAw,24.18333873,120.6470752,'SLt3c8ApWD9zxwCx1oegAw.jpg,,,,752
'smyAIlLbBXrtcCuzhrZu1A,24.16563962,120.639552,'smyAIlLbBXrtcCuzhrZu1A.jpg,,,,753
'sOpFA7qLotvje2PiSDUgdA,24.18140719,120.6405225,'sOpFA7qLotvje2PiSDUgdA.jpg,,,,754
'sq4qjhVEpvY2RYNihPjV1A,24.16511304,120.6432067,'sq4qjhVEpvY2RYNihPjV1A.jpg,,,,755
'SRNrXq9ATx8LcGCGcZ-AiA,24.16670551,120.639979,'SRNrXq9ATx8LcGCGcZ-AiA.jpg,,,,756
'sulWV4DVel4OHeVT0OmpPg,24.18151865,120.6537649,'sulWV4DVel4OHeVT0OmpPg.jpg,,,,757
'SvFMOjVilqVIHeta0QK0OQ,24.17613359,120.6506078,'SvFMOjVilqVIHeta0QK0OQ.jpg,,,,758
'swJGM1kLmRiR5e0UO60Odw,24.18077649,120.6466494,'swJGM1kLmRiR5e0UO60Odw.jpg,,,,759
'sxO151ikmYZNIoKmF802JA,24.18303084,120.6516975,'sxO151ikmYZNIoKmF802JA.jpg,,,,760
'Sy4iRSTZ7GSh_SxC0aC4VQ,24.1851068,120.6523498,'Sy4iRSTZ7GSh_SxC0aC4VQ.jpg,,,,761
't-IZM07fk-1GB-hWHJJ8_w,24.16510472,120.641747,'t-IZM07fk-1GB-hWHJJ8_w.jpg,,,,762
'T2FnK_4yuQ6m-i7WDvy1Fg,24.1673988,120.6404533,'T2FnK_4yuQ6m-i7WDvy1Fg.jpg,,,,763
'T5bGqZ9nMbrWxLJYILBJpg,24.17852529,120.6485455,'T5bGqZ9nMbrWxLJYILBJpg.jpg,,,,764
't5k1ObZ4EZoTOryY5bnofA,24.16349578,120.6423804,'t5k1ObZ4EZoTOryY5bnofA.jpg,,,,765
'tAWp2RbxKbOjmyBTN6kPOA,24.17987374,120.6476636,'tAWp2RbxKbOjmyBTN6kPOA.jpg,,,,766
'TbzInUWMoOFmr00gFhlDVQ,24.18521303,120.6426346,'TbzInUWMoOFmr00gFhlDVQ.jpg,,,,767
'tfprUEy7BKVEK2BBj-oGew,24.18584939,120.6448903,'tfprUEy7BKVEK2BBj-oGew.jpg,,,,768
'Tgfi2ySPT-7KyfzBwNHJRw,24.16668166,120.6401455,'Tgfi2ySPT-7KyfzBwNHJRw.jpg,,,,769
'tGONULt7iGsn05ajbYAUYw,24.18170507,120.6514138,'tGONULt7iGsn05ajbYAUYw.jpg,,,,770
'tH0oJZDqSNj59yI46feueQ,24.18707872,120.6423932,'tH0oJZDqSNj59yI46feueQ.jpg,,,,771
'thcK0is1SymSlLELX5bLaw,24.16651805,120.6397091,'thcK0is1SymSlLELX5bLaw.jpg,,,,772
'Tj28QNkWvlACcTpGcVw4MQ,24.18440549,120.6439351,'Tj28QNkWvlACcTpGcVw4MQ.jpg,,,,773
'Tjk4YKsRxvx0L1AkGLsNLg,24.18600718,120.6441146,'Tjk4YKsRxvx0L1AkGLsNLg.jpg,,,,774
'TPr9wUYMRyjz-YbG_ztCUg,24.17627183,120.6427637,'TPr9wUYMRyjz-YbG_ztCUg.jpg,,,,775
'tq5VU6oOXRGHDcWJfDucFg,24.16572673,120.639992,'tq5VU6oOXRGHDcWJfDucFg.jpg,,,,776
'TQph9w_dHSPrrNwKgy1-NA,24.18253072,120.6488595,'TQph9w_dHSPrrNwKgy1-NA.jpg,,,,777
'TrxDl17FJqfqtbt_DcKQ_w,24.18508354,120.64151,'TrxDl17FJqfqtbt_DcKQ_w.jpg,,,,778
'TT2RX-JLXTaQIAHKmdJ3lw,24.18205204,120.6416791,'TT2RX-JLXTaQIAHKmdJ3lw.jpg,,,,779
'ttGvBAdYzOj2j5YtLlKrrw,24.17901309,120.6457037,'ttGvBAdYzOj2j5YtLlKrrw.jpg,,,,780
'ttZoBJXVmh69L2vfvyhmfg,24.17820281,120.6486242,'ttZoBJXVmh69L2vfvyhmfg.jpg,,,,781
'TTzY5cvdmF-jtN3FBjaDpg,24.18292461,120.6435802,'TTzY5cvdmF-jtN3FBjaDpg.jpg,,,,782
'tUH5WbuuTrxk4mvBiLZVkw,24.18496403,120.652861,'tUH5WbuuTrxk4mvBiLZVkw.jpg,,,,783
'Tw3vJWqndC8Rtuk7IweQWA,24.17689714,120.6536575,'Tw3vJWqndC8Rtuk7IweQWA.jpg,,,,784
'tZ8-4M1e5-fXej2x1lVK4w,24.18772321,120.6408274,'tZ8-4M1e5-fXej2x1lVK4w.jpg,,,,785
'U1wyS7lkq3Z7NyGmVpoz8g,24.18220697,120.651,'U1wyS7lkq3Z7NyGmVpoz8g.jpg,,,,786
'U2yqLAd2pw7e13HcxSzcuA,24.17932145,120.6427338,'U2yqLAd2pw7e13HcxSzcuA.jpg,,,,787
'U5vgANgBn4AYxaLcMpfEcA,24.18481596,120.6422764,'U5vgANgBn4AYxaLcMpfEcA.jpg,,,,788
'u6H1foJtSHIPuCqHUt5dnQ,24.17770232,120.6515784,'u6H1foJtSHIPuCqHUt5dnQ.jpg,,,,789
'u6o6XNBBIydXkvQaOrMfGQ,24.17666222,120.6522743,'u6o6XNBBIydXkvQaOrMfGQ.jpg,,,,790
'U7GIaddCztlHwqQ-Inc1uw,24.17974111,120.6526183,'U7GIaddCztlHwqQ-Inc1uw.jpg,,,,791
'ual-nqRXyydh3PXnNurH8g,24.18343455,120.6444806,'ual-nqRXyydh3PXnNurH8g.jpg,,,,792
'UAvEf0OLXJRmuQCGDrXlLQ,24.17608693,120.6479579,'UAvEf0OLXJRmuQCGDrXlLQ.jpg,,,,793
'ubK9aMwC9tAmMSXVo3Bc3w,24.16482299,120.6430543,'ubK9aMwC9tAmMSXVo3Bc3w.jpg,,,,794
'uCluY0Jd94LivqL0NPRpFg,24.17853518,120.6501763,'uCluY0Jd94LivqL0NPRpFg.jpg,,,,795
'ucrDPDSHHYIm5KBoAUMWbg,24.17742244,120.6512607,'ucrDPDSHHYIm5KBoAUMWbg.jpg,,,,796
'ue-gOwa7lD5nz3XaXJeyAQ,24.17764401,120.6505634,'ue-gOwa7lD5nz3XaXJeyAQ.jpg,,,,797
'uFjRlDIDmsMKFQH9WqVsuw,24.16437144,120.6426347,'uFjRlDIDmsMKFQH9WqVsuw.jpg,,,,798
'uG586GMRq68z1hYNW35ZUg,24.17696999,120.651988,'uG586GMRq68z1hYNW35ZUg.jpg,,,,799
'uhL9fnhwy4FQ3PatIx4ZWA,24.18560536,120.640262,'uhL9fnhwy4FQ3PatIx4ZWA.jpg,,,,800
'uJBX3nHIBpFnKnIvITj_lw,24.1798485,120.6427123,'uJBX3nHIBpFnKnIvITj_lw.jpg,,,,801
'uM1sbJ8WA4Z6rjwcgjEwjA,24.18657589,120.6400783,'uM1sbJ8WA4Z6rjwcgjEwjA.jpg,,,,802
'Un8tnNlDHGISgJ-9OaOWRA,24.17635453,120.6409911,'Un8tnNlDHGISgJ-9OaOWRA.jpg,,,,803
'up7AARuhE8SktgwgwdXcYQ,24.16517719,120.6404519,'up7AARuhE8SktgwgwdXcYQ.jpg,,,,804
'uqDZyw8qoYf1nSbM4XvAUw,24.1649306,120.6405253,'uqDZyw8qoYf1nSbM4XvAUw.jpg,,,,805
'urlE_aB908UiQET5kufa-w,24.17694816,120.6447999,'urlE_aB908UiQET5kufa-w.jpg,,,,806
'Urr-yQQhTuOrs7WzFXOcZQ,24.18216276,120.6445018,'Urr-yQQhTuOrs7WzFXOcZQ.jpg,,,,807
'USXdCnmvGeoAAARAtEBYow,24.17778211,120.6465974,'USXdCnmvGeoAAARAtEBYow.jpg,,,,808
'uTpP1wGpXvWeJsPqz9eiKw,24.16481114,120.6393082,'uTpP1wGpXvWeJsPqz9eiKw.jpg,,,,809
'utqZ8NTO-WhRGbauJxNH4Q,24.1790404,120.6413271,'utqZ8NTO-WhRGbauJxNH4Q.jpg,,,,810
'uT_meyRTZ88VFTjga2KGHg,24.18128473,120.6437549,'uT_meyRTZ88VFTjga2KGHg.jpg,,,,811
'UuLFQU0Rzkf0xG1GAG1SXg,24.17764916,120.6517054,'UuLFQU0Rzkf0xG1GAG1SXg.jpg,,,,812
'UV-Z5tkZOJwGDqmz72e20A,24.18113586,120.6428918,'UV-Z5tkZOJwGDqmz72e20A.jpg,,,,813
'U_bRk0TEw2Pymc5tlSLsiw,24.1781971,120.653399,'U_bRk0TEw2Pymc5tlSLsiw.jpg,,,,814
'V-aCOgfh2IQYtbk25OzlwQ,24.17784141,120.6430484,'V-aCOgfh2IQYtbk25OzlwQ.jpg,,,,815
'v1mfb3c3VPsyhXVA3fd67A,24.1658551,120.6398945,'v1mfb3c3VPsyhXVA3fd67A.jpg,,,,816
'V2n8FXEJUBl8l_Kz5wCeeg,24.16351414,120.6409583,'V2n8FXEJUBl8l_Kz5wCeeg.jpg,,,,817
'v3UpGLBIqlzpO3mYLOJZKQ,24.17996672,120.6421044,'v3UpGLBIqlzpO3mYLOJZKQ.jpg,,,,818
'v6nIKNhSmWCT_XZ_gvixWg,24.18215909,120.6500597,'v6nIKNhSmWCT_XZ_gvixWg.jpg,,,,819
'v7YZCcYgdvErRyPJsM5rbg,24.16632298,120.6398359,'v7YZCcYgdvErRyPJsM5rbg.jpg,,,,820
'VBb1NAa52dim7mXcwuDzNw,24.17890483,120.648558,'VBb1NAa52dim7mXcwuDzNw.jpg,,,,821
'Vd3bYj6OBV4AAARAtEBYmg,24.17921195,120.6459226,'Vd3bYj6OBV4AAARAtEBYmg.jpg,,,,822
'vF3wKJjHV-0BI7Xr1EgUIw,24.18263269,120.643209,'vF3wKJjHV-0BI7Xr1EgUIw.jpg,,,,823
'vg4hfJQ_hiBxpgDZJLg7zg,24.18790899,120.6423891,'vg4hfJQ_hiBxpgDZJLg7zg.jpg,,,,824
'vh5DL0HpQZafaUeeKWr5lA,24.1664695,120.6437608,'vh5DL0HpQZafaUeeKWr5lA.jpg,,,,825
'vhEIpACzSw9Skv6is3415w,24.18143133,120.6494396,'vhEIpACzSw9Skv6is3415w.jpg,,,,826
'vhuc4civV1_xaazqDZ0FbQ,24.18361583,120.6450457,'vhuc4civV1_xaazqDZ0FbQ.jpg,,,,827
'VhyPd8gNC2fki7V-hrLo6g,24.17899915,120.6408114,'VhyPd8gNC2fki7V-hrLo6g.jpg,,,,828
'VIaCYaeaSbKaxhUSGvgtnA,24.181957,120.6474066,'VIaCYaeaSbKaxhUSGvgtnA.jpg,,,,829
'vIBcCKCeSWrdacrPlpseqg,24.17731432,120.651084,'vIBcCKCeSWrdacrPlpseqg.jpg,,,,830
'VJbZYQxC0i2CcN7Qjwn8kw,24.18223556,120.6506582,'VJbZYQxC0i2CcN7Qjwn8kw.jpg,,,,831
'VJG1Rv6OFUxin88syx8uhw,24.16339372,120.6420258,'VJG1Rv6OFUxin88syx8uhw.jpg,,,,832
'vjR2eF6r5dn6ywM_viK5Jw,24.18571681,120.6515299,'vjR2eF6r5dn6ywM_viK5Jw.jpg,,,,833
'vLh5wCSuMXzB1Gy9jHQr6g,24.1656947,120.6427588,'vLh5wCSuMXzB1Gy9jHQr6g.jpg,,,,834
'vlHohId0fWgUyOdnC-Vhxw,24.16744378,120.6436266,'vlHohId0fWgUyOdnC-Vhxw.jpg,,,,835
'VlXvB2ea5kuLjye6wvUQQA,24.17869953,120.6503007,'VlXvB2ea5kuLjye6wvUQQA.jpg,,,,836
'vmEGRkGRY9w3slvz_dNazg,24.16419039,120.6393689,'vmEGRkGRY9w3slvz_dNazg.jpg,,,,837
'vn-9jwLzr4Ts4pXjxxImrg,24.18309576,120.6414183,'vn-9jwLzr4Ts4pXjxxImrg.jpg,,,,838
'vnzMp5yNcaKiwT3khaoaCQ,24.1810077,120.6434479,'vnzMp5yNcaKiwT3khaoaCQ.jpg,,,,839
'vORxGxU-uK-ZH9saQR3AWA,24.16669796,120.6426635,'vORxGxU-uK-ZH9saQR3AWA.jpg,,,,840
'VPqZag3l2RX16PMbSX2l7A,24.17852852,120.6405679,'VPqZag3l2RX16PMbSX2l7A.jpg,,,,841
'vRdoDFHg2gRXzE_oD-m6fA,24.18378177,120.6443674,'vRdoDFHg2gRXzE_oD-m6fA.jpg,,,,842
'VrNgCdt7WalJH1g7qmhKsQ,24.1842307,120.6520739,'VrNgCdt7WalJH1g7qmhKsQ.jpg,,,,843
'vSUq98elKu9ryoJamvN9vw,24.16706944,120.643812,'vSUq98elKu9ryoJamvN9vw.jpg,,,,844
'vT3SLZxDDgtRI1EKNNZKEA,24.17827249,120.6422297,'vT3SLZxDDgtRI1EKNNZKEA.jpg,,,,845
'VvcDGz2OvW98ywe5z3k0mw,24.16555215,120.6435489,'VvcDGz2OvW98ywe5z3k0mw.jpg,,,,846
'vWoXUjY6mU3Mk6FWkUVzHA,24.17737861,120.6503789,'vWoXUjY6mU3Mk6FWkUVzHA.jpg,,,,847
'vWseXcP9GPdzAlWP9Iarag,24.18366773,120.6430271,'vWseXcP9GPdzAlWP9Iarag.jpg,,,,848
'vY6fsby3q8loWW6ikiEePQ,24.18430432,120.643184,'vY6fsby3q8loWW6ikiEePQ.jpg,,,,849
'vyPTOjzgh2m10Qb82YJyvQ,24.18494208,120.6445232,'vyPTOjzgh2m10Qb82YJyvQ.jpg,,,,850
'V_48eENgKNpjlVXje7xnfw,24.18269441,120.6415869,'V_48eENgKNpjlVXje7xnfw.jpg,,,,851
'w2ZYxQCPSTdzr5JuZ3MrmQ,24.17851089,120.6538326,'w2ZYxQCPSTdzr5JuZ3MrmQ.jpg,,,,852
'W4Fng_00Bly3sVGgCVr1Sw,24.17611858,120.6442308,'W4Fng_00Bly3sVGgCVr1Sw.jpg,,,,853
'W6DR7mVEiTDj08wM4dGGmw,24.1782123,120.6504454,'W6DR7mVEiTDj08wM4dGGmw.jpg,,,,854
'w75UhiAdVeYzhOOyowPqOA,24.18271844,120.6515888,'w75UhiAdVeYzhOOyowPqOA.jpg,,,,855
'w8R9IMj4djLyWFXNtnKatA,24.17876937,120.6433975,'w8R9IMj4djLyWFXNtnKatA.jpg,,,,856
'WaDOuFDQ3bKbwvWK1KpcIg,24.17938626,120.6535461,'WaDOuFDQ3bKbwvWK1KpcIg.jpg,,,,857
'WAHUrYr2xpMa9MxISCxoog,24.16568023,120.6397404,'WAHUrYr2xpMa9MxISCxoog.jpg,,,,858
'waP0L3VyVx_lVHzRoCE1Nw,24.17825925,120.6511794,'waP0L3VyVx_lVHzRoCE1Nw.jpg,,,,859
'wBYjfTl5mclNmDR4bObiBw,24.17639367,120.6499353,'wBYjfTl5mclNmDR4bObiBw.jpg,,,,860
'wcHBr4ZeEbqwO9EKi-hBLg,24.1787416,120.6402629,'wcHBr4ZeEbqwO9EKi-hBLg.jpg,,,,861
'Wdk9g0QcmVygpKK84_UAbQ,24.18384996,120.6484065,'Wdk9g0QcmVygpKK84_UAbQ.jpg,,,,862
'wF_22mZUF9_4luc0GSeUMg,24.18133649,120.6537489,'wF_22mZUF9_4luc0GSeUMg.jpg,,,,863
'WG8kSf_-G4cnMCMqzfT-Zw,24.18160561,120.6431436,'WG8kSf_-G4cnMCMqzfT-Zw.jpg,,,,864
'WgjXu0hALRsD5r9fZ3yGUA,24.17726534,120.6449548,'WgjXu0hALRsD5r9fZ3yGUA.jpg,,,,865
'WHoBHc8bgTOy_MwpLFFCEg,24.17764238,120.6458427,'WHoBHc8bgTOy_MwpLFFCEg.jpg,,,,866
'WIgA-7hMODymZOTTn0xy8Q,24.16486447,120.6394938,'WIgA-7hMODymZOTTn0xy8Q.jpg,,,,867
'WIL9AKVyRv1JBlyDwMfTzQ,24.16703533,120.6436167,'WIL9AKVyRv1JBlyDwMfTzQ.jpg,,,,868
'wkIVYm_mcR8id3tm5EicFw,24.18292414,120.6425263,'wkIVYm_mcR8id3tm5EicFw.jpg,,,,869
'wKN4gKasPeOGAKI2evLCzw,24.18684214,120.6463271,'wKN4gKasPeOGAKI2evLCzw.jpg,,,,870
'WKpJMgSFIHjg1g8YRLM7WQ,24.17779346,120.6498853,'WKpJMgSFIHjg1g8YRLM7WQ.jpg,,,,871
'wLud5hY56Gw8EMZuTYjgdA,24.1792481,120.6450255,'wLud5hY56Gw8EMZuTYjgdA.jpg,,,,872
'wmkzSWq01Yzr_Q_YrWZCJw,24.17740009,120.653592,'wmkzSWq01Yzr_Q_YrWZCJw.jpg,,,,873
'WMvZLsmRY8eY8y3vBebTZQ,24.16655112,120.6402478,'WMvZLsmRY8eY8y3vBebTZQ.jpg,,,,874
'wpofCWdPq84wv8yj6YdD-g,24.16666833,120.6438224,'wpofCWdPq84wv8yj6YdD-g.jpg,,,,875
'wPP1UvFQKa4quwuA3ybX1Q,24.18620248,120.6460338,'wPP1UvFQKa4quwuA3ybX1Q.jpg,,,,876
'WPPvs-t-WK6Z70_mPtOU_Q,24.17692086,120.6444098,'WPPvs-t-WK6Z70_mPtOU_Q.jpg,,,,877
'wqf_DlDB03v3Vpacx9HOiA,24.18420733,120.6542135,'wqf_DlDB03v3Vpacx9HOiA.jpg,,,,878
'WQTGCXmnZMpHbrdxVWu-Fg,24.16463001,120.6415066,'WQTGCXmnZMpHbrdxVWu-Fg.jpg,,,,879
'WtplgGNrUHkZ0trQQACcug,24.18721029,120.6408357,'WtplgGNrUHkZ0trQQACcug.jpg,,,,880
'wukI3xuSE1C3wRH9Cz9NyA,24.17705593,120.6442832,'wukI3xuSE1C3wRH9Cz9NyA.jpg,,,,881
'WUSFvUg8Ct79Mt4-w-4TJA,24.17689461,120.6481396,'WUSFvUg8Ct79Mt4-w-4TJA.jpg,,,,882
'Wuy6xJT4cnNkLX3IepQYuA,24.18549199,120.6409919,'Wuy6xJT4cnNkLX3IepQYuA.jpg,,,,883
'wWEz1yOT7TGVhGyZ0nWYpQ,24.18217188,120.6508966,'wWEz1yOT7TGVhGyZ0nWYpQ.jpg,,,,884
'WxvUTxQPcTrWlMGZddLpwA,24.16449284,120.643035,'WxvUTxQPcTrWlMGZddLpwA.jpg,,,,885
'wYgC7b7rsIDM3EvMK51m9g,24.17634217,120.6403792,'wYgC7b7rsIDM3EvMK51m9g.jpg,,,,886
'WyGWfbb-SDUKdGFTT4ecBw,24.16672329,120.6416704,'WyGWfbb-SDUKdGFTT4ecBw.jpg,,,,887
'WztaDY_McVEKrTwNeT5Z5g,24.1860969,120.6520081,'WztaDY_McVEKrTwNeT5Z5g.jpg,,,,888
'x0wHjk3eZXPt_lZY9v12JA,24.18321942,120.6485752,'x0wHjk3eZXPt_lZY9v12JA.jpg,,,,889
'X1nM8u7V_vaDOQsh5tlZjA,24.16502154,120.642108,'X1nM8u7V_vaDOQsh5tlZjA.jpg,,,,890
'x1wjIKYRBD9c8XdAewc24Q,24.17714556,120.6432633,'x1wjIKYRBD9c8XdAewc24Q.jpg,,,,891
'x3JPxlA3wED6XKh1Ye-Glg,24.18318009,120.6468699,'x3JPxlA3wED6XKh1Ye-Glg.jpg,,,,892
'X48j1FMPuxG0iih5n3jMlg,24.18036406,120.6536005,'X48j1FMPuxG0iih5n3jMlg.jpg,,,,893
'x4Du6A4mv-Qu3esfjvz2Eg,24.18544789,120.6400401,'x4Du6A4mv-Qu3esfjvz2Eg.jpg,,,,894
'x8b3gfOHtMjAKOaNcEoSPA,24.16441625,120.6418523,'x8b3gfOHtMjAKOaNcEoSPA.jpg,,,,895
'xAkQG0k2_sp11cP5L9slSQ,24.18073436,120.6522449,'xAkQG0k2_sp11cP5L9slSQ.jpg,,,,896
'xaxpIAm8f_frMOzkpZ3S-w,24.18363775,120.6498516,'xaxpIAm8f_frMOzkpZ3S-w.jpg,,,,897
'XbfJ-k3mwih1gk83EA5tHg,24.16373417,120.6404795,'XbfJ-k3mwih1gk83EA5tHg.jpg,,,,898
'xCceFsboS95BsIElYYRMaw,24.17870176,120.6486955,'xCceFsboS95BsIElYYRMaw.jpg,,,,899
'xfL3mFfUj1mQhxkmJfaldA,24.18056695,120.6465247,'xfL3mFfUj1mQhxkmJfaldA.jpg,,,,900
'XHRQf7tF1QzZahROauHYJw,24.17812749,120.6540166,'XHRQf7tF1QzZahROauHYJw.jpg,,,,901
'XIAHq8iPKKHjYdoJIL9ceA,24.18120007,120.6513238,'XIAHq8iPKKHjYdoJIL9ceA.jpg,,,,902
'Xk755Ung_XfTl9JFNzPS7A,24.18333701,120.6439804,'Xk755Ung_XfTl9JFNzPS7A.jpg,,,,903
'XkEyN6XzhjVw9fc4fo_B8A,24.1672045,120.6410648,'XkEyN6XzhjVw9fc4fo_B8A.jpg,,,,904
'XKO3DRiX2VbWecLeU47aCw,24.18636726,120.640057,'XKO3DRiX2VbWecLeU47aCw.jpg,,,,905
'XKp_jWv2qTQmFIJvyK_n9g,24.18724979,120.6458763,'XKp_jWv2qTQmFIJvyK_n9g.jpg,,,,906
'xNsxvlZc1fyttjN672AaKg,24.17969749,120.6538678,'xNsxvlZc1fyttjN672AaKg.jpg,,,,907
'xNWZqaY1BZOm3Qc4AliNhQ,24.18278344,120.6491957,'xNWZqaY1BZOm3Qc4AliNhQ.jpg,,,,908
'XPlJ4XvPsOO5kDn5rjRTMA,24.18484997,120.6417323,'XPlJ4XvPsOO5kDn5rjRTMA.jpg,,,,909
'xqntKJtUg1gbKAfYPTFlHw,24.18583265,120.6462136,'xqntKJtUg1gbKAfYPTFlHw.jpg,,,,910
'xrb62QMQC6j5z36ogSYo4A,24.17764294,120.6480029,'xrb62QMQC6j5z36ogSYo4A.jpg,,,,911
'XRIYVItOh3Ob-OiBP2cpgQ,24.16489591,120.6438057,'XRIYVItOh3Ob-OiBP2cpgQ.jpg,,,,912
'xSPzotivDCJpB8PleYL8YA,24.17863536,120.6503021,'xSPzotivDCJpB8PleYL8YA.jpg,,,,913
'xw9YYbgWJde231tq1QQ-3w,24.17735773,120.6411317,'xw9YYbgWJde231tq1QQ-3w.jpg,,,,914
'XwYwjVp2yi2loQ58I8q8fQ,24.18002924,120.6467176,'XwYwjVp2yi2loQ58I8q8fQ.jpg,,,,915
'xx-wVNT058eBccJwyArDvg,24.1810854,120.6429849,'xx-wVNT058eBccJwyArDvg.jpg,,,,916
'XXRZv4-t9yeJV4z1Gn7kiQ,24.17897756,120.6410743,'XXRZv4-t9yeJV4z1Gn7kiQ.jpg,,,,917
'xypq70utqAsNIIOF9eM0-Q,24.18697918,120.6461274,'xypq70utqAsNIIOF9eM0-Q.jpg,,,,918
'xZMQQZPjvJg-P9zFIVbzmA,24.1761089,120.6448101,'xZMQQZPjvJg-P9zFIVbzmA.jpg,,,,919
'xzWtttxE4aQGcdN2Ok_SBQ,24.18465367,120.6434815,'xzWtttxE4aQGcdN2Ok_SBQ.jpg,,,,920
'y0ucX_EV2Ww6c7BcsFon9g,24.18448661,120.6436099,'y0ucX_EV2Ww6c7BcsFon9g.jpg,,,,921
'y1RawLGmfqYyhE0BVp0uKg,24.17928249,120.6517562,'y1RawLGmfqYyhE0BVp0uKg.jpg,,,,922
'y3b2sNSGBDLhLDJ-JPRDEA,24.18655838,120.6408089,'y3b2sNSGBDLhLDJ-JPRDEA.jpg,,,,923
'y3mswB6Hk5pFiGH4s8ChNA,24.18515725,120.6442254,'y3mswB6Hk5pFiGH4s8ChNA.jpg,,,,924
'Y8YOtTZ-ZuzcHbfP2YNRGQ,24.17799003,120.6444966,'Y8YOtTZ-ZuzcHbfP2YNRGQ.jpg,,,,925
'Y94SoRCrNZFviD8_S-tb9g,24.17744235,120.6435436,'Y94SoRCrNZFviD8_S-tb9g.jpg,,,,926
'y9P9rSKuzSsJUniylbvbvQ,24.18468409,120.6426079,'y9P9rSKuzSsJUniylbvbvQ.jpg,,,,927
'yAwJYPPeCrCdnQULSsovgg,24.18017204,120.6462242,'yAwJYPPeCrCdnQULSsovgg.jpg,,,,928
'YC3PiISMeGxWsZOFEYsnpg,24.18126394,120.6469397,'YC3PiISMeGxWsZOFEYsnpg.jpg,,,,929
'yCJan5Ghme7e10zFw1Bijg,24.18034052,120.6457383,'yCJan5Ghme7e10zFw1Bijg.jpg,,,,930
'YIdyfVcTGkikHQOYV3xPTg,24.18078116,120.6516509,'YIdyfVcTGkikHQOYV3xPTg.jpg,,,,931
'YIszob1_qHcJO_tD8A4acQ,24.18188296,120.6508435,'YIszob1_qHcJO_tD8A4acQ.jpg,,,,932
'YIu-Aagdse1ViG1Th6mMXA,24.17844353,120.6530985,'YIu-Aagdse1ViG1Th6mMXA.jpg,,,,933
'yjxbp04DFvaDEUc91h4yFw,24.18647432,120.6445112,'yjxbp04DFvaDEUc91h4yFw.jpg,,,,934
'yl4WIT3ipX6OfiWP1A1vvw,24.17616013,120.6407528,'yl4WIT3ipX6OfiWP1A1vvw.jpg,,,,935
'ylN9qaDJEipqiXqgpYCgoQ,24.16528266,120.64362,'ylN9qaDJEipqiXqgpYCgoQ.jpg,,,,936
'YMi6BKnSIhafhgI8n7CQJQ,24.17793856,120.6484747,'YMi6BKnSIhafhgI8n7CQJQ.jpg,,,,937
'YmjChTjLWJi8CB0snY7yAQ,24.17860324,120.6468603,'YmjChTjLWJi8CB0snY7yAQ.jpg,,,,938
'YMlSU7IEaI0r-z4CGHJEFw,24.18028358,120.6538712,'YMlSU7IEaI0r-z4CGHJEFw.jpg,,,,939
'ymM6WkPrmZNIgUKuUKLvDQ,24.17844183,120.6436891,'ymM6WkPrmZNIgUKuUKLvDQ.jpg,,,,940
'yPQlbKe7dgsWTSXKJXVqgQ,24.17937917,120.6474508,'yPQlbKe7dgsWTSXKJXVqgQ.jpg,,,,941
'YPsbqYpa-nR7ACmbhsG_7A,24.17861631,120.6420761,'YPsbqYpa-nR7ACmbhsG_7A.jpg,,,,942
'YQCiuDaoHcfQAR6I694IgQ,24.18278481,120.6483253,'YQCiuDaoHcfQAR6I694IgQ.jpg,,,,943
'yQOsJgadqfqVKW0d3petzw,24.17632384,120.650589,'yQOsJgadqfqVKW0d3petzw.jpg,,,,944
'ySd6TmMBJXRG8TxKoBApqg,24.16712902,120.6391525,'ySd6TmMBJXRG8TxKoBApqg.jpg,,,,945
'yuK3FYvTdvl4y_OR1WvIzg,24.1653133,120.6433469,'yuK3FYvTdvl4y_OR1WvIzg.jpg,,,,946
'yulnUYyxllA_OpRGLoQHsw,24.17663542,120.6456497,'yulnUYyxllA_OpRGLoQHsw.jpg,,,,947
'ywdydpsTXeLliDBuPYNuJg,24.18073159,120.6437107,'ywdydpsTXeLliDBuPYNuJg.jpg,,,,948
'yX2846p0RxavVEbG-A6wJA,24.18136903,120.6416934,'yX2846p0RxavVEbG-A6wJA.jpg,,,,949
'yxvEqQcKue-pvDVcM2MReA,24.18029748,120.6467398,'yxvEqQcKue-pvDVcM2MReA.jpg,,,,950
'yYvb9vm3sCNwzx8E4IBkfA,24.16396356,120.6411781,'yYvb9vm3sCNwzx8E4IBkfA.jpg,,,,951
'Yz1H9BxFuAqLuSwO7DKqXQ,24.18252138,120.6502084,'Yz1H9BxFuAqLuSwO7DKqXQ.jpg,,,,952
'yzhpXg5wz2V-2Tnv8d67iw,24.1816732,120.6463399,'yzhpXg5wz2V-2Tnv8d67iw.jpg,,,,953
'YZJTws7Flnh-CoWoG7zOYQ,24.18328528,120.6431606,'YZJTws7Flnh-CoWoG7zOYQ.jpg,,,,954
'Z1uSiWvC9-F_aInK9wvlfw,24.18583096,120.6406036,'Z1uSiWvC9-F_aInK9wvlfw.jpg,,,,955
'Z2Ab7Uuk_XvQ8UMqGW86GQ,24.18744861,120.6459751,'Z2Ab7Uuk_XvQ8UMqGW86GQ.jpg,,,,956
'z39kfSLw9gwO766IHwtPFw,24.17735001,120.6451995,'z39kfSLw9gwO766IHwtPFw.jpg,,,,957
'Z8_HvxXdutqWf5q9ZBJCKQ,24.16571119,120.6391248,'Z8_HvxXdutqWf5q9ZBJCKQ.jpg,,,,958
'zc4lW4YHhEdjSkjtYw3cnA,24.17723254,120.644088,'zc4lW4YHhEdjSkjtYw3cnA.jpg,,,,959
'zdZcUWb82Ud23C7yQT7Xag,24.17855229,120.6519804,'zdZcUWb82Ud23C7yQT7Xag.jpg,,,,960
'ze7ejuTodP7KA7UaMBV2cw,24.18255792,120.6519063,'ze7ejuTodP7KA7UaMBV2cw.jpg,,,,961
'zFjHkmy6VA8x0iLzTlBYZA,24.17892602,120.6403993,'zFjHkmy6VA8x0iLzTlBYZA.jpg,,,,962
'ZFyPPxSh2frwsHSIuJmvZQ,24.18462377,120.6427886,'ZFyPPxSh2frwsHSIuJmvZQ.jpg,,,,963
'zGNuqBWznjD818jfBMyvaQ,24.18273368,120.6403096,'zGNuqBWznjD818jfBMyvaQ.jpg,,,,964
'ZGsCxZmtMsYHZ2KHdYao5A,24.18273407,120.6490055,'ZGsCxZmtMsYHZ2KHdYao5A.jpg,,,,965
'zjNoib4uCYlXPorlmBBt-g,24.17856134,120.6478845,'zjNoib4uCYlXPorlmBBt-g.jpg,,,,966
'zm5-bggwQ03pBRFawHW3Xw,24.17674243,120.6508667,'zm5-bggwQ03pBRFawHW3Xw.jpg,,,,967
'zmnfWu2EbADx-wCr_MImEg,24.18447111,120.6548073,'zmnfWu2EbADx-wCr_MImEg.jpg,,,,968
'ZnlOyMJhXvyYQJ8X0OKsiw,24.17805137,120.649913,'ZnlOyMJhXvyYQJ8X0OKsiw.jpg,,,,969
'ZN_CdWCBOmRvTo7XAZsGxw,24.17893838,120.6538428,'ZN_CdWCBOmRvTo7XAZsGxw.jpg,,,,970
'Zoicr79YR_PB44_7CDmqzg,24.18338225,120.6420664,'Zoicr79YR_PB44_7CDmqzg.jpg,,,,971
'zP7ITqH7DYbebI30Eq5-lg,24.17938839,120.651618,'zP7ITqH7DYbebI30Eq5-lg.jpg,,,,972
'zPWXlqMsJ2c9Cas2mWrqIw,24.16507557,120.6411973,'zPWXlqMsJ2c9Cas2mWrqIw.jpg,,,,973
'ZqmGYzFAtWweCXG6-oxIZw,24.17852712,120.6405008,'ZqmGYzFAtWweCXG6-oxIZw.jpg,,,,974
'ZT1KZWQIYAFVPjzjnWwtZg,24.17633494,120.6461051,'ZT1KZWQIYAFVPjzjnWwtZg.jpg,,,,975
'zTqNUHKW--OZDhjAl2OK8Q,24.1806882,120.6407683,'zTqNUHKW--OZDhjAl2OK8Q.jpg,,,,976
'ZV9uIXAILGZMYiH1XkpllA,24.18040398,120.6538294,'ZV9uIXAILGZMYiH1XkpllA.jpg,,,,977
'zVieVfE5z4xyIPSxTs8C5w,24.17654195,120.6432124,'zVieVfE5z4xyIPSxTs8C5w.jpg,,,,978
'zxTA6gFVrCLOtTV8UW6uRQ,24.1775425,120.6531948,'zxTA6gFVrCLOtTV8UW6uRQ.jpg,,,,979
'ZYLMyMMnTz6t3JbQIgkgdQ,24.18338634,120.6518787,'ZYLMyMMnTz6t3JbQIgkgdQ.jpg,,,,980
'zZ8elUvsjNx_1GQPos6vzQ,24.16689883,120.6401328,'zZ8elUvsjNx_1GQPos6vzQ.jpg,,,,981
'zzAiTzRBnePDOs3jFZys2Q,24.17603068,120.6475705,'zzAiTzRBnePDOs3jFZys2Q.jpg,,,,982
'zzEO46e9MjXpguGMOcX6QQ,24.18144552,120.641987,'zzEO46e9MjXpguGMOcX6QQ.jpg,,,,983
'ZzhXyywLBPaF0rVq7MfkbA,24.16655311,120.6393799,'ZzhXyywLBPaF0rVq7MfkbA.jpg,,,,984
'_1SQmtYSEoho3UdAb5z6Yw,24.17918765,120.6402633,'_1SQmtYSEoho3UdAb5z6Yw.jpg,,,,985
'_3TVZSVAzf_hxztdoM7r7A,24.18012897,120.6473398,'_3TVZSVAzf_hxztdoM7r7A.jpg,,,,986
'_5ridAqnCmBeslG9CVMJsQ,24.16366525,120.6437317,'_5ridAqnCmBeslG9CVMJsQ.jpg,,,,987
'_8KXRQhE2VuFt9H8XWWN_g,24.17852573,120.652703,'_8KXRQhE2VuFt9H8XWWN_g.jpg,,,,988
'_BTHVv7UYsSo9VOwMtRO7w,24.16710214,120.6396666,'_BTHVv7UYsSo9VOwMtRO7w.jpg,,,,989
'_DVn8WBliHN9t4JQ6xIwQA,24.18762744,120.6549614,'_DVn8WBliHN9t4JQ6xIwQA.jpg,,,,990
'_EhlGh3TQ0Tx2B7cUU0SRQ,24.1631549,120.6435847,'_EhlGh3TQ0Tx2B7cUU0SRQ.jpg,,,,991
'_gkcN1hzqm1RFcsvpk5Xmg,24.17964134,120.642833,'_gkcN1hzqm1RFcsvpk5Xmg.jpg,,,,992
'_nX86nXwBQoSErOCV0KHcQ,24.18029932,120.6428401,'_nX86nXwBQoSErOCV0KHcQ.jpg,,,,993
'_PsnwSfVh1xO2mW1QrQejA,24.16629959,120.6433075,'_PsnwSfVh1xO2mW1QrQejA.jpg,,,,994
'_QdFMTialSsoOqr8ncAeCQ,24.17915817,120.6479891,'_QdFMTialSsoOqr8ncAeCQ.jpg,,,,995
'_TsfAkHVxPiGXDBYbKWWSg,24.16658211,120.6439318,'_TsfAkHVxPiGXDBYbKWWSg.jpg,,,,996
'_TX_Bn4I0FyqUpoiCIU8FQ,24.1829559,120.6501096,'_TX_Bn4I0FyqUpoiCIU8FQ.jpg,,,,997
'_X6KV5KTnMd78yIFsqgbIg,24.18322125,120.6479,'_X6KV5KTnMd78yIFsqgbIg.jpg,,,,998
YxWgGbSgwSIOKnIq2K6Mcg,24.17585456,120.6506778,YxWgGbSgwSIOKnIq2K6Mcg.jpg,,,,999
